Year,County,SiteName,Enrollment,PBE,PME
2016-2017,Baker,BAKER  HIGH SCHOOL,464,14,0
2016-2017,Baker,BAKER MIDDLE SCHOOL,202,8,1
2016-2017,Baker,BAKER VALLEY SEVENTH-DAY ADVENTIST SCHOOL,12,5,0
2016-2017,Baker,BAKER WEB ACADEMY,996,241,2
2016-2017,Baker,BROOKLYN ELEMENTARY SCHOOL,457,22,0
2016-2017,Baker,BURNT RIVER SCHOOL DISTRICT,31,6,0
2016-2017,Baker,EAGLE CAP HIGH SCHOOL,27,0,0
2016-2017,Baker,ELKHORN ADOLESCENT TREATMENT CENTER SCHOOL,17,0,0
2016-2017,Baker,HAINES ELEMENTARY SCHOOL,147,7,1
2016-2017,Baker,HARVEST CHRISTIAN ACADEMY,91,7,0
2016-2017,Baker,HUNTINGTON SCHOOL DISTRICT 16J,80,2,0
2016-2017,Baker,KEATING ELEMENTARY SCHOOL,26,2,0
2016-2017,Baker,PINE EAGLE CHARTER SCHOOL,203,17,1
2016-2017,Baker,SOUTH BAKER INTERMEDIATE,321,7,0
2016-2017,Benton,Adams Elementary School,424,6,0
2016-2017,Benton,Alsea Elementary School,70,5,1
2016-2017,Benton,Alsea Middle School and High School,64,0,0
2016-2017,Benton,Ashbrook Independent School,130,2,1
2016-2017,Benton,Blodgett Elementary School,32,5,0
2016-2017,Benton,Cheldelin Middle School,553,25,1
2016-2017,Benton,Clemens Primary School,158,5,0
2016-2017,Benton,Corvallis High School,"1,222",59,0
2016-2017,Benton,Corvallis Montessori School,7,,
2016-2017,Benton,Corvallis Waldorf School,148,64,0
2016-2017,Benton,Crescent Valley High School,"1,000",53,1
2016-2017,Benton,Farm Home School,27,2,0
2016-2017,Benton,Fir Grove Primary School,127,5,0
2016-2017,Benton,Franklin Elementary School,167,11,0
2016-2017,Benton,Franklin Middle School,173,12,0
2016-2017,Benton,Garfield Elementary School,435,17,0
2016-2017,Benton,Hoover Elementary School,419,11,0
2016-2017,Benton,Jefferson Elementary School,354,20,0
2016-2017,Benton,Kate McNutt Independent Kindergarten,13,0,0
2016-2017,Benton,Kings Valley Charter School - Elementary,101,13,0
2016-2017,Benton,Kings Valley Charter School - Middle & High School,95,11,0
2016-2017,Benton,La Escuelita / Nueva Escuela / New World School,6,,
2016-2017,Benton,Lincoln Elementary School,358,20,0
2016-2017,Benton,Linus Pauling Middle School,755,41,2
2016-2017,Benton,Monroe Grade School,192,5,0
2016-2017,Benton,Monroe High School,128,4,0
2016-2017,Benton,Monroe Middle School,107,2,0
2016-2017,Benton,Mountain View Elementary School,349,19,0
2016-2017,Benton,Muddy Creek Charter School,110,27,0
2016-2017,Benton,North Albany Elementary School,300,5,0
2016-2017,Benton,North Albany Middle School,587,9,2
2016-2017,Benton,Oak Grove Elementary School,261,8,1
2016-2017,Benton,Philomath Elementary School,396,17,1
2016-2017,Benton,Philomath High School,455,15,0
2016-2017,Benton,Philomath Middle School,348,14,0
2016-2017,Benton,Philomath Montessori School,4,,
2016-2017,Benton,Santiam Christian Schools,554,37,1
2016-2017,Benton,Stepping Stones Preschool - PEAK Elite,2,,
2016-2017,Benton,Wilson Elementary School,402,21,1
2016-2017,Benton,Zion Lutheran School,66,5,0
2016-2017,Clackamas,ALDER CREEK MIDDLE SCHOOL,944,36,2
2016-2017,Clackamas,ALLIANCE CHARTER ACADEMY,383,111,2
2016-2017,Clackamas,AMIGUITOS PRESCHOOL,4,,
2016-2017,Clackamas,ARBOR SCHOOL OF ARTS & SCIENCES,188,18,0
2016-2017,Clackamas,ARDENWALD ELEMENTARY,435,17,1
2016-2017,Clackamas,ARTS AND TECHNOLOGY HIGH SCHOOL,107,7,1
2016-2017,Clackamas,ATHEY CREEK MIDDLE SCHOOL,664,25,2
2016-2017,Clackamas,BAKER PRAIRIE MIDDLE SCHOOL,583,22,0
2016-2017,Clackamas,BASIC SKILLS ASSESSMENT & EDUCATIONAL SERVICES,98,34,0
2016-2017,Clackamas,BEAVERCREEK ELEMENTARY,521,44,0
2016-2017,Clackamas,BILQUIST ELEMENTARY,432,15,0
2016-2017,Clackamas,BOECKMAN CREEK PRIMARY,503,23,2
2016-2017,Clackamas,BOLTON PRIMARY,384,43,3
2016-2017,Clackamas,BOONES FERRY ELEMENTARY,554,26,0
2016-2017,Clackamas,BORING MIDDLE SCHOOL,396,10,1
2016-2017,Clackamas,BRIGHT BEGINNINGS LEARNING CENTER & DAYCARE,3,,
2016-2017,Clackamas,BRIGHT MINDS CHRISTIAN DAYSCHOOL,8,,
2016-2017,Clackamas,BUTTE CREEK SCHOOL,321,77,0
2016-2017,Clackamas,CAIS,221,56,0
2016-2017,Clackamas,CANBY HIGH SCHOOL,"1,373",42,2
2016-2017,Clackamas,CANBY KEY DISTRICT PROGRAMS,14,0,0
2016-2017,Clackamas,CANDY LANE ELEMENTARY,270,11,0
2016-2017,Clackamas,CARUS ELEMENTARY,429,34,0
2016-2017,Clackamas,CASCADE HEIGHTS PUBLIC CHARTER SCHOOL,216,16,4
2016-2017,Clackamas,CASCADE SUMMIT MONTESSORI SCHOOL,8,,
2016-2017,Clackamas,CATERPILLAR CLUBHOUSE,5,,
2016-2017,Clackamas,CEDAR RIDGE MIDDLE SCHOOL,387,14,1
2016-2017,Clackamas,CEDAROAK PARK PRIMARY,309,22,0
2016-2017,Clackamas,CHINESE AMERICAN INTERNATIONAL SCHOOL,4,,
2016-2017,Clackamas,CHRIST THE KING PARISH SCHOOL,245,1,0
2016-2017,Clackamas,Clackamas High School,"2,471",64,1
2016-2017,Clackamas,CLACKAMAS MIDDLE COLLEGE,282,27,0
2016-2017,Clackamas,CLACKAMAS RIVER ELEMENTARY,446,18,0
2016-2017,Clackamas,CLARKES ELEMENTARY,157,9,0
2016-2017,Clackamas,COLTON ELEMENTARY,270,10,0
2016-2017,Clackamas,COLTON HIGH SCHOOL,194,11,2
2016-2017,Clackamas,COLTON MIDDLE SCHOOL,148,7,0
2016-2017,Clackamas,COLTON SCHOOL DISTRICT OUTSIDE PLACEMENT,8,,
2016-2017,Clackamas,COUNTRY CHRISTIAN SCHOOL,175,13,0
2016-2017,Clackamas,DAMASCUS CHRISTIAN SCHOOL,216,28,0
2016-2017,Clackamas,DUNCAN ELMENTARY,575,31,0
2016-2017,Clackamas,ECCLES ELEMENTARY,468,20,0
2016-2017,Clackamas,EL PUENTE ELEMENTARY,248,6,0
2016-2017,Clackamas,ELLIOTT PRAIRIE CHRISTIAN,17,12,0
2016-2017,Clackamas,ESTACADA HIGH SCHOOL,521,20,3
2016-2017,Clackamas,ESTACADA JUNIOR HIGH,365,14,0
2016-2017,Clackamas,FIRST BAPTIST CHURCH SCHOOL,10,0,0
2016-2017,Clackamas,FIRWOOD ELEMENTARY,438,13,1
2016-2017,Clackamas,FOREST HILLS ELEMENTARY,439,20,8
2016-2017,Clackamas,GAFFNEY LANE ELEMENTARY,540,38,1
2016-2017,Clackamas,GARDINER MIDDLE SCHOOL,788,27,4
2016-2017,Clackamas,GLADSTONE CENTER FOR CHILDREN,142,10,2
2016-2017,Clackamas,GLADSTONE HIGH SCHOOL,656,9,0
2016-2017,Clackamas,GOOD SHEPHERD SCHOOL,198,28,0
2016-2017,Clackamas,GRACE CHRISTIAN SCHOOL,87,17,0
2016-2017,Clackamas,GRAND VIEW CHRISTIAN ACADEMY,240,29,0
2016-2017,Clackamas,HALLINAN ELEMENTARY,454,26,1
2016-2017,Clackamas,HAPPY VALLEY ELEMENTARY,454,26,0
2016-2017,Clackamas,HAPPY VALLEY MIDDLE SCHOOL,"1,089",60,1
2016-2017,Clackamas,HERON CREEK ACADEMY HIGH,18,2,0
2016-2017,Clackamas,HERON CREEK ACADEMY JR HIGH,19,0,0
2016-2017,Clackamas,HERON CREEK ELEMENTARY,36,5,0
2016-2017,Clackamas,HILLSVIEW MONTESSORI SCHOOL,9,,
2016-2017,Clackamas,HOLCOMB ELEMENTARY,473,32,0
2016-2017,Clackamas,HOOD VIEW JUNIOR ACADEMY,110,2,0
2016-2017,Clackamas,INTERNATIONAL LEADERSHIP ACADEMY,32,6,0
2016-2017,Clackamas,JENNINGS LODGE ELEMENTARY,255,22,0
2016-2017,Clackamas,JOHN MCLOUGHLIN ELEMENTARY,586,42,1
2016-2017,Clackamas,JOHN WETTEN ELEMENTARY,750,36,1
2016-2017,Clackamas,KELSO ELEMENTARY,358,18,0
2016-2017,Clackamas,KRAXBERGER MIDDLE SCHOOL,475,12,1
2016-2017,Clackamas,LA SALLE CATHOLIC COLLEGE PREPARATORY,696,6,1
2016-2017,Clackamas,LAKE GROVE ELEMENTARY,451,29,1
2016-2017,Clackamas,LAKE OSWEGO HIGH SCHOOL,"1,285",29,1
2016-2017,Clackamas,LAKE OSWEGO JR HIGH SCHOOL,891,27,2
2016-2017,Clackamas,LAKERIDGE HIGH SCHOOL,"1,092",36,3
2016-2017,Clackamas,LAKERIDGE JUNIOR HIGH,827,34,3
2016-2017,Clackamas,LEEP-BEAVERCREEK ELEMENTARY,8,,
2016-2017,Clackamas,LEEP-OGDEN,9,,
2016-2017,Clackamas,LEEP-OREGON CITY HIGH,1,,
2016-2017,Clackamas,LEWELLING ELEMENTARY,361,13,0
2016-2017,Clackamas,LINWOOD ELEMENTARY,312,13,0
2016-2017,Clackamas,LOWRIE PRIMARY SCHOOL,568,27,1
2016-2017,Clackamas,MARYLHURST EARLY CHILDHOOD CENTER,71,3,0
2016-2017,Clackamas,MICHA-EL SCHOOL,114,77,0
2016-2017,Clackamas,MILWAUKIE ACADEMY OF ARTS,302,27,0
2016-2017,Clackamas,MILWAUKIE ELEMENTARY,157,2,0
2016-2017,Clackamas,MILWAUKIE HIGH SCHOOL,980,23,0
2016-2017,Clackamas,MILWAUKIE MONTESSORI SCHOOL AND DAYCARE,1,,
2016-2017,Clackamas,MOLALLA ELEMENTARY,396,10,1
2016-2017,Clackamas,MOLALLA HIGH SCHOOL,696,26,0
2016-2017,Clackamas,MOLALLA RIVER ACADEMY,218,28,0
2016-2017,Clackamas,MOLALLA RIVER MIDDLE SCHOOL,512,8,1
2016-2017,Clackamas,MRSD OUTSIDE PLACEMENT K-12,51,0,0
2016-2017,Clackamas,MT HOOD ACADEMY,7,,
2016-2017,Clackamas,MT SCOTT ELEMENTARY,349,17,0
2016-2017,Clackamas,MULINO ELEMENTARY,302,18,0
2016-2017,Clackamas,NAAS ELEMENTARY,376,19,0
2016-2017,Clackamas,NEW URBAN HIGH SCHOOL,139,4,0
2016-2017,Clackamas,NINETY ONE SCHOOL,472,47,1
2016-2017,Clackamas,NORTH CLACKAMAS CHRISTIAN SCHOOL,231,7,0
2016-2017,Clackamas,OAK CREEK ELEMENTARY,465,20,1
2016-2017,Clackamas,OAK GROVE CENTER,1,,
2016-2017,Clackamas,OAK GROVE DAY CARE AND PRESCHOOL,2,,
2016-2017,Clackamas,OAK GROVE ELEMENTARY,397,32,2
2016-2017,Clackamas,OGDEN MIDDLE SCHOOL,830,42,1
2016-2017,Clackamas,OREGON CITY CHRISTIAN ACADEMY,26,0,0
2016-2017,Clackamas,OREGON CITY HIGH SCHOOL,"2,004",58,6
2016-2017,Clackamas,OREGON CITY SERVICE LEARNING ACADEMY,161,17,1
2016-2017,Clackamas,OREGON TRAIL ACADEMY,254,15,1
2016-2017,Clackamas,OREGON TRAIL ELEMENTARY,496,25,1
2016-2017,Clackamas,OUR LADY OF THE LAKE,240,9,0
2016-2017,Clackamas,PARK ACADEMY,75,4,0
2016-2017,Clackamas,PARROTT CREEK RANCH,14,0,0
2016-2017,Clackamas,PHILANDER LEE ELEMENTARY,435,14,0
2016-2017,Clackamas,PORTLAND WALDORF SCHOOL,266,129,0
2016-2017,Clackamas,REDLAND ELEMENTARY,546,35,0
2016-2017,Clackamas,RENAISSANCE PUBLIC ACADEMY,117,30,0
2016-2017,Clackamas,RESURRECTION CATHOLIC PRESCHOOL AND KINDERGARTEN,7,,
2016-2017,Clackamas,REX PUTNAM HIGH SCHOOL,"1,107",29,1
2016-2017,Clackamas,RIVER GROVE ELEMENTARY,528,29,2
2016-2017,Clackamas,RIVER MILL ELEMENTARY,326,16,0
2016-2017,Clackamas,RIVERGATE ADVENTIST ELEMENTARY,141,12,0
2016-2017,Clackamas,RIVERSIDE ELEMENTARY,429,11,0
2016-2017,Clackamas,ROCK CREEK MIDDLE SCHOOL,873,50,2
2016-2017,Clackamas,ROSEMONT RIDGE MIDDLE SCHOOL,842,48,3
2016-2017,Clackamas,ROWE MIDDLE SCHOOL,771,29,0
2016-2017,Clackamas,RURAL DELL ELEMENTARY,227,18,0
2016-2017,Clackamas,SANDY GRADE,338,9,0
2016-2017,Clackamas,SANDY HIGH SCHOOL,"1,387",33,3
2016-2017,Clackamas,SCOUTERS MOUNTAIN,531,44,1
2016-2017,Clackamas,SOJOURNER ELEMENTARY SCHOOL,164,8,0
2016-2017,Clackamas,SPRING MOUNTAIN CHRISTIAN ACADEMY,116,67,0
2016-2017,Clackamas,SPRING MOUNTAIN ELEMENTARY,549,28,0
2016-2017,Clackamas,SPRINGWATER ENVIRONMENTAL SCIENCES SCHOOL,200,31,0
2016-2017,Clackamas,ST JOHN THE APOSTLE CATHOLIC SCHOOL,178,7,0
2016-2017,Clackamas,ST JOHN THE BAPTIST CATHOLIC SCHOOL,175,6,0
2016-2017,Clackamas,STAFFORD ACADEMY,19,2,0
2016-2017,Clackamas,STAFFORD PRIMARY,454,19,1
2016-2017,Clackamas,SUMMIT LEARNING CHARTER,226,61,0
2016-2017,Clackamas,SUN GARDEN MONTESSORI,4,,
2016-2017,Clackamas,SUNNYSIDE ELEMENTARY,541,35,1
2016-2017,Clackamas,SUNNYSIDE MONTESSORI,8,,
2016-2017,Clackamas,SUNSET PRIMARY,325,15,0
2016-2017,Clackamas,THREE RIVERS CHARTER SCHOOL,110,9,1
2016-2017,Clackamas,TIMBERLAKE Job Corps,165,0,0
2016-2017,Clackamas,TOUCHSTONE ELEMENTARY,79,6,0
2016-2017,Clackamas,TRILLIUM CREEK PRIMARY SCHOOL,619,47,3
2016-2017,Clackamas,TROST ELEMENTARY,426,8,0
2016-2017,Clackamas,TWO RIVERS FARM SCHOOL,39,28,1
2016-2017,Clackamas,VALLEY VIEW DAY SCHOOL,14,0,0
2016-2017,Clackamas,VIEW ACRES ELEMENTARY,423,15,0
2016-2017,Clackamas,WELCHES ELEMENTARY,207,13,1
2016-2017,Clackamas,WELCHES MIDDLE SCHOOL,98,3,0
2016-2017,Clackamas,WEST HILLS MONTESSORI SCHOOL,8,,
2016-2017,Clackamas,WEST LINN HIGH SCHOOL,"1,808",48,3
2016-2017,Clackamas,WESTRIDGE ELEMENTARY,466,21,0
2016-2017,Clackamas,WHITCOMB ELEMENTARY,439,19,0
2016-2017,Clackamas,WILLAMETTE PRIMARY,569,25,0
2016-2017,Clackamas,WILLIAM KNIGHT ELEMENTARY,354,8,0
2016-2017,Clackamas,WILSONVILLE HIGH SCHOOL,"1,137",36,2
2016-2017,Clackamas,WOOD MIDDLE SCHOOL,797,30,2
2016-2017,Clatsop,Astor Elementary,398,14,0
2016-2017,Clatsop,Astoria High School,583,22,0
2016-2017,Clatsop,Astoria Middle School,417,17,0
2016-2017,Clatsop,Broadway Middle School,339,13,1
2016-2017,Clatsop,Gearhart Elementary,314,16,0
2016-2017,Clatsop,Hilda Lahti Elementary,279,11,0
2016-2017,Clatsop,Hilda Lahti Junior High,70,0,0
2016-2017,Clatsop,Jewell Elementary School,66,7,0
2016-2017,Clatsop,Jewell High School,56,4,1
2016-2017,Clatsop,Jewell Middle School,35,1,1
2016-2017,Clatsop,Knappa High School,139,4,1
2016-2017,Clatsop,Lewis & Clark Elementary,424,15,0
2016-2017,Clatsop,North Coast Christian School - Main Campus,83,17,0
2016-2017,Clatsop,North Coast Youth Correctional Facility - South Je,41,0,0
2016-2017,Clatsop,Seaside Heights Elementary,438,22,1
2016-2017,Clatsop,Seaside High School,439,15,0
2016-2017,Clatsop,Warrenton Grade School 4-8,384,23,0
2016-2017,Clatsop,Warrenton Grade School K-3,347,26,2
2016-2017,Clatsop,Warrenton High School,255,5,0
2016-2017,Columbia,Clatskanie Elementary,368,33,2
2016-2017,Columbia,Clatskanie Middle/High School,362,16,1
2016-2017,Columbia,Columbia County Christian School,53,4,0
2016-2017,Columbia,Cub's Corner child care center/Little Lions  Day S,2,,
2016-2017,Columbia,North Columbia Academy,48,0,0
2016-2017,Columbia,Piercing Arrow Private School,15,2,0
2016-2017,Columbia,Rainier Hudson Park Elementary,477,15,0
2016-2017,Columbia,Rainier Junior/Senior High School,437,8,1
2016-2017,Columbia,Sauvie Island School,214,41,2
2016-2017,Columbia,Scappoose Adventist School,49,4,0
2016-2017,Columbia,Scappoose Grant Watts Grade School,389,13,1
2016-2017,Columbia,Scappoose High School,766,27,0
2016-2017,Columbia,Scappoose Middle School,297,7,0
2016-2017,Columbia,Scappoose Otto H.H. Peterson,450,13,0
2016-2017,Columbia,Scappoose Warren Elementary,195,12,0
2016-2017,Columbia,South Columbia Family School,75,21,0
2016-2017,Columbia,St Helens Yankton Arthur Academy,238,5,0
2016-2017,Columbia,St. Helens Columbia County Education Campus (CCEC),78,0,0
2016-2017,Columbia,St. Helens High School,931,7,3
2016-2017,Columbia,St. Helens Lewis & Clark Elementary,690,15,1
2016-2017,Columbia,St. Helens McBride Elementary,671,14,1
2016-2017,Columbia,St. Helens Middle School,405,5,1
2016-2017,Columbia,Vernonia Elementary,207,12,0
2016-2017,Columbia,Vernonia High School,186,10,1
2016-2017,Columbia,Vernonia Middle School,115,10,0
2016-2017,Columbia,Vernonia Mist Grade School,24,3,0
2016-2017,Coos,Bandon High School,214,16,0
2016-2017,Coos,Belloni On Campus School,11,0,0
2016-2017,Coos,Blossom Gulch Elementary,564,14,0
2016-2017,Coos,Christ Lutheran Church and School,38,4,0
2016-2017,Coos,COASTLINE - ELEMENTARY SCHOOL,5,,
2016-2017,Coos,Coastline - North Bend Middle School,3,,
2016-2017,Coos,Coos Alternative Programs,2,,
2016-2017,Coos,Coquille Jr/Sr  High School,341,15,0
2016-2017,Coos,Coquille Valley Elementary School,387,18,1
2016-2017,Coos,Destinations Academy,70,1,0
2016-2017,Coos,Gold Coast Christian School,12,1,0
2016-2017,Coos,Harbor Lights Middle School,227,20,0
2016-2017,Coos,Hillcrest Elementary,488,12,0
2016-2017,Coos,Kingsview Christian School,97,14,0
2016-2017,Coos,Lighthouse School,212,0,0
2016-2017,Coos,Lincoln School of Early Learning,61,4,0
2016-2017,Coos,Madison Elementary,374,10,0
2016-2017,Coos,Marshfield High School,891,8,0
2016-2017,Coos,Millicoma Middle School,468,8,1
2016-2017,Coos,Myrtle Crest Elementary,324,6,0
2016-2017,Coos,Myrtle Point Junior/Senior High School,257,4,0
2016-2017,Coos,North Bay Elementary,478,16,0
2016-2017,Coos,North Bend High School,785,18,0
2016-2017,Coos,North Bend Middle School,543,17,2
2016-2017,Coos,Ocean Crest Elementary School,269,23,1
2016-2017,Coos,Oregon Virtual Academy,"1,841",198,5
2016-2017,Coos,Powers School District,123,0,0
2016-2017,Coos,Resource Link Public Charter School,66,7,0
2016-2017,Coos,Sped Ed Placeholder,1,,
2016-2017,Coos,Sunset Middle School,400,3,0
2016-2017,Coos,United Valley Christian Academy,37,3,0
2016-2017,Coos,Winter Lakes School,68,6,0
2016-2017,Crook,Barnes Butte Elementary,653,12,1
2016-2017,Crook,Brothers Elementary,7,,
2016-2017,Crook,COIC Alternative Education - Crook County,30,0,0
2016-2017,Crook,Crook County High School,753,13,0
2016-2017,Crook,Crook County Middle School,584,16,0
2016-2017,Crook,Crook County Pioneer Secondary  Alternative HS,46,0,0
2016-2017,Crook,Crooked River Elementary,610,15,0
2016-2017,Crook,High Desert Christian Academy,81,10,0
2016-2017,Crook,Paulina Elementary School,20,3,0
2016-2017,Crook,Powell Butte Community Charter School,187,11,2
2016-2017,Crook,Rimrock Trails Alternative School,15,0,0
2016-2017,Curry,Azalea Middle School,353,23,2
2016-2017,Curry,Brookings Harbor Christian School,46,12,0
2016-2017,Curry,Brookings-Harbor High School,513,31,3
2016-2017,Curry,Driftwood Elementary,148,13,1
2016-2017,Curry,Gold Beach High School,166,10,1
2016-2017,Curry,Kalmiopsis Elementary School,739,39,1
2016-2017,Curry,Pacific High School,66,3,0
2016-2017,Curry,Riley Creek Elementary,298,12,0
2016-2017,Deschutes,AMITY CREEK MAGNET SCHOOL,167,47,0
2016-2017,Deschutes,BEAR CREEK ELEMENTARY,616,40,0
2016-2017,Deschutes,BEND INTERNATIONAL SCHOOL,165,46,0
2016-2017,Deschutes,BEND SENIOR HIGH SCHOOL,"1,675",79,3
2016-2017,Deschutes,BUCKINGHAM ELEMENTARY SCHOOL,578,35,2
2016-2017,Deschutes,C.O.I.C,148,3,1
2016-2017,Deschutes,CASCADE MIDDLE SCHOOL,613,40,1
2016-2017,Deschutes,CASCADES  ACADEMY,180,36,0
2016-2017,Deschutes,CENTRAL CHRISTIAN SCHOOL,253,25,0
2016-2017,Deschutes,DESCHUTES RIVER MONTESSORI SCHOOL,7,,
2016-2017,Deschutes,EASTMONT COMMUNITY SCHOOL,72,10,0
2016-2017,Deschutes,EDWIN BROWN EDUCATION CENTER - RDMD EXCEPTIONS,46,2,0
2016-2017,Deschutes,ELK MEADOW ELEMENTARY,539,34,1
2016-2017,Deschutes,ELTON GREGORY MIDDLE SCHOOL,622,12,1
2016-2017,Deschutes,ENSWORTH ELEMENTARY,210,7,0
2016-2017,Deschutes,EVERGREEN ACADEMY,9,,
2016-2017,Deschutes,FORESIGHT LEARNING CENTER,11,1,0
2016-2017,Deschutes,HIGH DESERT MIDDLE SCHOOL,730,32,0
2016-2017,Deschutes,HIGH LAKES ELEMENTARY SCHOOL,626,49,2
2016-2017,Deschutes,HIGHLAND ELEMENTARY,386,57,1
2016-2017,Deschutes,JOHN TUCK ELEMENTARY,389,8,0
2016-2017,Deschutes,JUNIPER ELEMENTARY,513,39,3
2016-2017,Deschutes,LAPINE ELEMENTARY,377,11,0
2016-2017,Deschutes,LAPINE HIGH SCHOOL,374,8,0
2016-2017,Deschutes,LAPINE MIDDLE SCHOOL,281,8,0
2016-2017,Deschutes,LAVA RIDGE ELEMENTARY,616,49,1
2016-2017,Deschutes,M A LYNCH ELEMENTARY SCHOOL,365,6,0
2016-2017,Deschutes,MARSHALL HIGH SCHOOL,130,3,0
2016-2017,Deschutes,MILLER ELEMENTARY SCHOOL,607,52,0
2016-2017,Deschutes,MORNING STAR CHRISTIAN SCHOOL,119,21,0
2016-2017,Deschutes,MT VIEW HIGH SCHOOL,"1,345",41,0
2016-2017,Deschutes,NEW LEAF ACADEMY,25,3,0
2016-2017,Deschutes,OBSIDIAN MIDDLE SCHOOL,600,19,1
2016-2017,Deschutes,PACIFIC CREST MIDDLE SCHOOL,687,49,0
2016-2017,Deschutes,PILOT BUTTE  MIDDLE SCHOOL,674,44,0
2016-2017,Deschutes,PINE RIDGE ELEMENTARY SCHOOL,513,53,0
2016-2017,Deschutes,PONDEROSA ELEMENTARY,598,35,1
2016-2017,Deschutes,R E JEWELL ELEMENTARY,530,23,0
2016-2017,Deschutes,REALMS CHARTER SCHOOL,150,28,0
2016-2017,Deschutes,Redmond Early Learning Center at Hugh Hartman,376,19,0
2016-2017,Deschutes,REDMOND HIGH SCHOOL,917,15,1
2016-2017,Deschutes,REDMOND PROFICIENCY ACADEMY,842,49,1
2016-2017,Deschutes,RIDGEVIEW HIGH SCHOOL,861,25,0
2016-2017,Deschutes,ROSLAND ELEMENTARY,171,8,0
2016-2017,Deschutes,SAGE ELEMENTARY,522,24,1
2016-2017,Deschutes,SEVEN PEAKS SCHOOL,217,19,1
2016-2017,Deschutes,SILVER RAIL ELEMENTARY,412,28,0
2016-2017,Deschutes,SISTERS CHRISTIAN ACADEMY,69,5,0
2016-2017,Deschutes,SISTERS ELEMENTARY SCHOOL,318,35,0
2016-2017,Deschutes,SISTERS HIGH SCHOOL,436,18,1
2016-2017,Deschutes,SISTERS MIDDLE SCHOOL,335,31,0
2016-2017,Deschutes,SKY VIEW MIDDLE SCHOOL,642,35,1
2016-2017,Deschutes,SONSHINE CHRISTIAN SCHOOL,10,0,0
2016-2017,Deschutes,ST  FRANCIS SCHOOL,90,4,0
2016-2017,Deschutes,ST THOMAS ACADEMY,80,3,0
2016-2017,Deschutes,SUMMIT HIGH SCHOOL,"1,464",79,0
2016-2017,Deschutes,TERREBONNE COMMUNITY SCHOOL,396,24,0
2016-2017,Deschutes,"THE MONTESSORI CENTER, INC  - NW CROSSING",9,,
2016-2017,Deschutes,THE VILLAGE PRESCHOOL,1,,
2016-2017,Deschutes,THREE RIVERS ELEMENTARY SCHOOL,408,30,1
2016-2017,Deschutes,THREE SISTERS ADVENTIST CHRISTIAN SCHOOL,25,3,0
2016-2017,Deschutes,TOM MCCALL ELEMENTARY,509,14,1
2016-2017,Deschutes,TRINITY LUTHERAN SCHOOL,230,10,0
2016-2017,Deschutes,TUMALO COMMUNITY SCHOOL,378,48,0
2016-2017,Deschutes,VERN PATRICK ELEMENTARY,394,8,0
2016-2017,Deschutes,VICTORY CHRISTIAN ACADEMY,13,1,0
2016-2017,Deschutes,WALDORF SCHOOL OF BEND,85,54,0
2016-2017,Deschutes,WESTSIDE VILLAGE,261,68,1
2016-2017,Douglas,Brockway Elementary School,332,5,0
2016-2017,Douglas,Camas Valley Charter School,198,10,1
2016-2017,Douglas,Canyonville Adventist Elementary School,18,8,1
2016-2017,Douglas,Canyonville Christian Academy,124,1,0
2016-2017,Douglas,Canyonville School,215,8,0
2016-2017,Douglas,Cobb School,46,2,0
2016-2017,Douglas,Coffenberry Middle School,299,15,0
2016-2017,Douglas,Days Creek Charter School,200,14,0
2016-2017,Douglas,Dillard Alternative School,35,1,0
2016-2017,Douglas,"Douglas County Juvenile Center - Mt Nebo, River Ro",36,0,0
2016-2017,Douglas,Douglas High School,362,10,0
2016-2017,Douglas,East Primary School,417,24,0
2016-2017,Douglas,Eastwood Elementary,431,17,0
2016-2017,Douglas,Elkton Grade School,163,19,0
2016-2017,Douglas,Elkton High School,85,4,0
2016-2017,Douglas,Fir Grove Elementary School,318,11,1
2016-2017,Douglas,Fullerton IV Elementary School,366,24,1
2016-2017,Douglas,Geneva Academy,117,23,0
2016-2017,Douglas,Glendale Elementary/Junior High School,186,16,0
2016-2017,Douglas,Glendale Senior High School,87,13,0
2016-2017,Douglas,Glide Elementary School,381,15,0
2016-2017,Douglas,Glide High School,201,6,0
2016-2017,Douglas,Glide Middle School,124,8,0
2016-2017,Douglas,Grace Family Child Center,0,,
2016-2017,Douglas,Green Elementary School,253,4,0
2016-2017,Douglas,Highland Elementary School,334,33,1
2016-2017,Douglas,Hucrest Elementary,416,25,0
2016-2017,Douglas,John C Fremont Middle,659,37,0
2016-2017,Douglas,Joseph Lane Middle School,607,29,2
2016-2017,Douglas,Lincoln Middle School,191,16,0
2016-2017,Douglas,Little Folks Christian School,10,1,0
2016-2017,Douglas,Lookingglass Elementary,195,7,0
2016-2017,Douglas,McGovern Elementary,244,5,0
2016-2017,Douglas,Melrose Christian School,18,4,0
2016-2017,Douglas,Melrose Elementary School,342,31,0
2016-2017,Douglas,Milo Adventist Academy,80,9,0
2016-2017,Douglas,Myrtle Creek Elementary School,333,29,0
2016-2017,Douglas,North Douglas Elementary/Middle School,213,9,0
2016-2017,Douglas,North Douglas High School,91,3,0
2016-2017,Douglas,Oakland Elementary School,188,14,0
2016-2017,Douglas,Oakland High School,197,6,0
2016-2017,Douglas,Phoenix Charter School,162,6,0
2016-2017,Douglas,Phoenix School - Deer Ck Adol Tx Cntr- Project Ind,12,0,0
2016-2017,Douglas,Reedsport Community Charter School,342,11,0
2016-2017,Douglas,Riddle Elementary School,203,7,0
2016-2017,Douglas,Riddle Jr/Sr High School,162,3,1
2016-2017,Douglas,Roseburg High School,"1,492",42,2
2016-2017,Douglas,Roseburg Junior Academy,35,0,0
2016-2017,Douglas,South Umpqua High School,389,9,0
2016-2017,Douglas,St. Paul's Lutheran School,53,4,0
2016-2017,Douglas,Sunnyslope Elementary,267,7,0
2016-2017,Douglas,Sutherlin Adventist Christian School,7,,
2016-2017,Douglas,Sutherlin High School,366,9,0
2016-2017,Douglas,Sutherlin Middle School,185,8,1
2016-2017,Douglas,Sutherlin Valley Online Academy,43,1,0
2016-2017,Douglas,Tri-City Elementary School,257,4,0
2016-2017,Douglas,Umpqua Valley Christian School,143,11,0
2016-2017,Douglas,West Intermediate School,308,4,2
2016-2017,Douglas,Winchester Elementary School,342,14,0
2016-2017,Douglas,Winston Middle School,220,7,0
2016-2017,Douglas,Yoncalla Elementary School,114,8,0
2016-2017,Douglas,Yoncalla High School/Middle School,122,6,0
2016-2017,Gilliam/Sherman/Wasco,Arlington Elementary,96,0,0
2016-2017,Gilliam/Sherman/Wasco,Arlington High School,55,0,0
2016-2017,Gilliam/Sherman/Wasco,Chenowith Elementary School,451,7,1
2016-2017,Gilliam/Sherman/Wasco,Colonel Wright Elementary School,329,12,0
2016-2017,Gilliam/Sherman/Wasco,Columbia Lutheran School,10,1,0
2016-2017,Gilliam/Sherman/Wasco,Condon Grade School,89,6,0
2016-2017,Gilliam/Sherman/Wasco,Condon High School,36,0,0
2016-2017,Gilliam/Sherman/Wasco,Crossroads (MAST),5,,
2016-2017,Gilliam/Sherman/Wasco,Dry Hollow Elementary School,535,21,0
2016-2017,Gilliam/Sherman/Wasco,Dufur School Dist #29,307,4,0
2016-2017,Gilliam/Sherman/Wasco,Maupin Gradeschool/Little Learners Preschool,135,3,1
2016-2017,Gilliam/Sherman/Wasco,Mosier Community School,216,23,0
2016-2017,Gilliam/Sherman/Wasco,North Wasco Virtual Academy,52,1,0
2016-2017,Gilliam/Sherman/Wasco,Sherman County School,257,9,1
2016-2017,Gilliam/Sherman/Wasco,Sonrise Academy,40,2,0
2016-2017,Gilliam/Sherman/Wasco,South Wasco County Jr/High School,118,3,0
2016-2017,Gilliam/Sherman/Wasco,St. Mary's Academy,145,1,0
2016-2017,Gilliam/Sherman/Wasco,The Dalles High School,826,24,3
2016-2017,Gilliam/Sherman/Wasco,The Dalles Middle School,562,19,1
2016-2017,Gilliam/Sherman/Wasco,Wahtonka Community School,50,0,0
2016-2017,Grant,Dayville School District #16J,47,5,0
2016-2017,Grant,Grant Union Jr/Sr High School,259,19,1
2016-2017,Grant,Humbolt Elementary School,300,26,0
2016-2017,Grant,Long Creek School District #17,19,4,0
2016-2017,Grant,Monument School District #8,58,4,0
2016-2017,Grant,Prairie City School,146,7,0
2016-2017,Grant,Seneca School,31,3,1
2016-2017,Harney,Burns High School,260,5,0
2016-2017,Harney,Crane Elementary School,75,0,0
2016-2017,Harney,Crane Union High School,66,1,0
2016-2017,Harney,Diamond School,4,,
2016-2017,Harney,"Double ""O"" Elementary",3,,
2016-2017,Harney,Drewsey Elementary,9,,
2016-2017,Harney,Fields Elementary,12,0,0
2016-2017,Harney,Frenchglen Elementary,10,0,0
2016-2017,Harney,Henry L. Slater Elementary School,417,12,0
2016-2017,Harney,High Desert Christian School,14,0,0
2016-2017,Harney,Hines Middle School,186,2,0
2016-2017,Harney,Monroe School,23,0,0
2016-2017,Harney,Pine Creek Elementary  School,5,,
2016-2017,Harney,Silvies River Charter School,235,72,0
2016-2017,Harney,Suntex Elementary  School,11,0,0
2016-2017,Hood River,Bright Beginnings,17,3,0
2016-2017,Hood River,Cascade Locks School,63,0,0
2016-2017,Hood River,Hood River Middle,534,28,0
2016-2017,Hood River,Hood River Valley High School,"1,367",35,1
2016-2017,Hood River,"Horizon Christian School, Inc",152,11,0
2016-2017,Hood River,"Klahre House/The Next Door, Inc.",10,0,0
2016-2017,Hood River,May Street Elementary,486,31,0
2016-2017,Hood River,Mid-Columbia Adventist School,60,3,0
2016-2017,Hood River,Mid-Valley Elementary,487,7,0
2016-2017,Hood River,New Vision School,25,9,0
2016-2017,Hood River,Parkdale Elementary,201,9,0
2016-2017,Hood River,Westside Elementary,501,27,1
2016-2017,Hood River,Wy'East Middle School,390,10,0
2016-2017,Jackson,ABRAHAM LINCOLN,529,23,6
2016-2017,Jackson,ARMADILLO TECHNICAL INSTITUTE,84,14,0
2016-2017,Jackson,ASHLAND HIGH SCHOOL,"1,047",263,3
2016-2017,Jackson,ASHLAND MIDDLE SCHOOL,572,135,0
2016-2017,Jackson,BELLVIEW ELEMENTARY,314,47,0
2016-2017,Jackson,BUTTE FALLS CHARTER ELEMENTARY,90,6,0
2016-2017,Jackson,Butte Falls Charter High School,90,5,1
2016-2017,Jackson,CASCADE CHRISTIAN HIGH SCHOOL,259,7,0
2016-2017,Jackson,CENTRAL MEDFORD HIGH SCHOOL,236,5,1
2016-2017,Jackson,CENTRAL POINT ELEMENTARY,547,7,1
2016-2017,Jackson,CRATER ACADEMY OF HEALTH AND PUBLIC SEVICES,442,2,0
2016-2017,Jackson,CRATER LAKE CHARTER ACADEMY,258,29,4
2016-2017,Jackson,"CRATER SCHOOL OF BUSINESS, INNOVATION & SCIENCE",423,8,0
2016-2017,Jackson,CRATER'S RENAISSANCE ACADEMY,439,2,0
2016-2017,Jackson,EAGLE POINT HIGH SCHOOL,"1,024",18,1
2016-2017,Jackson,EAGLE POINT MIDDLE SCHOOL,409,10,0
2016-2017,Jackson,EAGLE ROCK ELEMENTARY,343,12,3
2016-2017,Jackson,Exceptional Students Program,15,0,0
2016-2017,Jackson,FAMILY SOLUTIONS DAY TREATMENT,7,,
2016-2017,Jackson,GRACE CHRISTIAN,414,32,0
2016-2017,Jackson,GRIFFIN CREEK ELEMENTARY,590,25,2
2016-2017,Jackson,Hanby middle school,220,13,1
2016-2017,Jackson,HARVEST CHRISTIAN SCHOOL,78,8,0
2016-2017,Jackson,HEDRICK MIDDLE SCHOOL,916,32,4
2016-2017,Jackson,HELMAN ELEMENTARY,312,66,1
2016-2017,Jackson,HILLSIDE ELEMENTARY,500,28,5
2016-2017,Jackson,HOOVER ELEMENTARY,701,38,2
2016-2017,Jackson,HOWARD ELEMENTARY,454,21,0
2016-2017,Jackson,JACKSON ELEMENTARY,418,8,0
2016-2017,Jackson,JACKSONVILLE ELEMENTARY,436,40,0
2016-2017,Jackson,JEFFERSON ELEMENTARY,478,9,0
2016-2017,Jackson,JEWETT ELEMENTARY,593,20,0
2016-2017,Jackson,John Muir Elementary,123,62,1
2016-2017,Jackson,KENNEDY ELEMENTARY,568,27,2
2016-2017,Jackson,KIDS UNLIMITED ACADEMY PUBLIC CHARTER SCHOOL,340,9,0
2016-2017,Jackson,KIDZ KORNER DAYCARE,7,,
2016-2017,Jackson,LAKE CREEK LEARNING CENTER,56,8,0
2016-2017,Jackson,LITTLE RED BARN MONTESSORI,8,,
2016-2017,Jackson,LONE PINE ELEMENTARY,628,40,4
2016-2017,Jackson,MADRONE TRAIL PUBLIC CHARTER SCHOOL,233,104,2
2016-2017,Jackson,MAE RICHARDSON ELEMENTARY,567,20,1
2016-2017,Jackson,MCLOUGHLIN MIDDLE,818,22,0
2016-2017,Jackson,Medford Montessori,104,7,0
2016-2017,Jackson,MEDFORD OPPORTUNITY HIGH SCHOOL,32,1,0
2016-2017,Jackson,NEW DIMENSION CHRISTIAN SCHOOL,45,6,0
2016-2017,Jackson,New Heights Christian School,51,5,0
2016-2017,Jackson,NORTH MEDFORD HIGH SCHOOL,"1,619",31,6
2016-2017,Jackson,OAK GROVE ELEMENTARY,480,10,1
2016-2017,Jackson,Orchard Hill Elementary,424,14,0
2016-2017,Jackson,PATRICK ELEMENTARY,281,22,2
2016-2017,Jackson,PHOENIX ELEMENTARY,376,8,0
2016-2017,Jackson,PHOENIX HIGH SCHOOL,684,24,0
2016-2017,Jackson,PINEHURST SCHOOL,9,,
2016-2017,Jackson,PROSPECT CHARTER SCHOOL,233,11,0
2016-2017,Jackson,RIVER'S EDGE ACADEMY CHARTER SCHOOL,188,67,1
2016-2017,Jackson,ROGUE RIVER ELEMENTARY,437,36,0
2016-2017,Jackson,ROGUE RIVER JUNIOR SENIOR HIGH,351,30,2
2016-2017,Jackson,ROGUE VALLEY ADVENTIST SCHOOL,126,10,0
2016-2017,Jackson,ROOSEVELT ELEMENTARY,390,19,1
2016-2017,Jackson,RUCH ELEMENTARY,199,39,0
2016-2017,Jackson,SACRED HEART CATHOLIC SCHOOL,168,3,1
2016-2017,Jackson,SAMS VALLEY ELEMENTARY,293,5,0
2016-2017,Jackson,SCENIC MIDDLE SCHOOL,789,8,0
2016-2017,Jackson,SHADY COVE SCHOOL,286,19,3
2016-2017,Jackson,SHADY POINT SDA SCHOOL,10,2,0
2016-2017,Jackson,SISKIYOU SCHOOL,191,137,0
2016-2017,Jackson,SO OR EDUCATIONAL SERVICE DISTRICT,68,2,1
2016-2017,Jackson,SOUTH MEDFORD HIGH SCHOOL,"1,657",65,4
2016-2017,Jackson,ST JOHN LUTHERAN SCHOOL,24,0,0
2016-2017,Jackson,ST MARY'S SCHOOL,427,26,0
2016-2017,Jackson,TABLEROCK ELEMENTARY,739,13,2
2016-2017,Jackson,TALENT ELEMENTARY,481,54,0
2016-2017,Jackson,TALENT MIDDLE SCHOOL,545,19,0
2016-2017,Jackson,THE SECRET GARDEN,2,,
2016-2017,Jackson,Upper Rogue Center for Ed. Opp (URCEO),65,2,0
2016-2017,Jackson,Valley School of Southern Oregon,99,7,1
2016-2017,Jackson,WALKER ELEMENTARY,338,86,1
2016-2017,Jackson,WASHINGTON ELEMENTARY,438,12,0
2016-2017,Jackson,WHITE MOUNTAIN MIDDLE SCHOOL,370,4,2
2016-2017,Jackson,Willow Wind community Learning Center,197,114,0
2016-2017,Jackson,WILSON ELEMENTARY,551,25,2
2016-2017,Jefferson,Ashwood Elementary,3,,
2016-2017,Jefferson,Big Muddy School,21,5,0
2016-2017,Jefferson,Black Butte School,27,2,0
2016-2017,Jefferson,Bridges Career & Technical High School,145,2,0
2016-2017,Jefferson,Buff Elementary,332,5,0
2016-2017,Jefferson,Culver Elementary School,304,13,0
2016-2017,Jefferson,Culver High School,194,5,0
2016-2017,Jefferson,Culver Middle School,164,5,0
2016-2017,Jefferson,Jefferson County Middle School,405,10,0
2016-2017,Jefferson,Madras Elementary,423,6,0
2016-2017,Jefferson,Madras High School,640,13,1
2016-2017,Jefferson,Metolius Elementary School,312,8,0
2016-2017,Jefferson,Warm Springs Academy,663,1,0
2016-2017,Josephine,Allen Dale Elementary School,469,28,0
2016-2017,Josephine,APPLEGATE ELEMENTARY,100,26,0
2016-2017,Josephine,Brighton Academy,115,45,0
2016-2017,Josephine,Community Christian Academy,32,5,0
2016-2017,Josephine,Dome School,40,33,0
2016-2017,Josephine,Evergreen Elementary,357,53,0
2016-2017,Josephine,FLEMING MIDDLE SCHOOL,378,35,2
2016-2017,Josephine,Fort Vannoy,276,21,1
2016-2017,Josephine,FRUITDALE ELEMENTARY,367,23,0
2016-2017,Josephine,Grants Pass Adventist School,75,14,0
2016-2017,Josephine,Grants Pass High School,"1,709",82,6
2016-2017,Josephine,Hidden Valley High,543,52,0
2016-2017,Josephine,Highland Elementary School,455,38,0
2016-2017,Josephine,Illinois Valley High,325,33,2
2016-2017,Josephine,Lincoln Elementary,468,27,0
2016-2017,Josephine,Lincoln Savage Middle,350,23,0
2016-2017,Josephine,Lorna Byrne Middle,290,46,0
2016-2017,Josephine,Madrona Elementary,367,35,0
2016-2017,Josephine,Madrone Adventist Elementary School,19,5,0
2016-2017,Josephine,Manzanita Elementary,397,23,0
2016-2017,Josephine,"Miss Heather's Preschool, Daycare & After School C",3,,
2016-2017,Josephine,New Hope Christian School,199,33,0
2016-2017,Josephine,Newbridge High School,77,0,0
2016-2017,Josephine,NORTH MIDDLE SCHOOL,796,49,0
2016-2017,Josephine,North Valley High,501,38,0
2016-2017,Josephine,Parkside Elementary,456,23,1
2016-2017,Josephine,Redwood Elementary,482,46,1
2016-2017,Josephine,Riverside Elementary,454,28,1
2016-2017,Josephine,South Middle School,669,35,0
2016-2017,Josephine,ST. ANNES CATHOLIC SCHOOL,64,6,0
2016-2017,Josephine,Sunny Wolf Charter School,89,19,0
2016-2017,Josephine,Vineyard Christian School,59,11,0
2016-2017,Josephine,WILLIAMS ELEMENTARY,56,11,0
2016-2017,Josephine,Woodland Charter School,158,104,0
2016-2017,Klamath,Bonanza Elementary School,253,21,0
2016-2017,Klamath,Bonanza Jr/Sr High School,203,13,0
2016-2017,Klamath,Brixner Junior High School,391,4,0
2016-2017,Klamath,Chiloquin Elementary School,163,8,0
2016-2017,Klamath,Chiloquin Junior Senior High School,139,6,0
2016-2017,Klamath,Conger Elementary School,409,8,3
2016-2017,Klamath,Eagle Ridge High School,192,4,0
2016-2017,Klamath,Falcon Heights Academy,108,3,0
2016-2017,Klamath,Ferguson Elementary School,486,4,0
2016-2017,Klamath,Gearhart Elementary School,6,,
2016-2017,Klamath,Gilchrist Elementary School,110,0,0
2016-2017,Klamath,Gilchrist Junior Senior High School,85,4,0
2016-2017,Klamath,Great Basin Home School Center,159,37,0
2016-2017,Klamath,Henley Elementary School,526,13,0
2016-2017,Klamath,Henley High School,664,7,0
2016-2017,Klamath,Henley Middle School,326,15,0
2016-2017,Klamath,Henley Transition House,31,0,0
2016-2017,Klamath,Hosanna Christian School,210,8,1
2016-2017,Klamath,Keno Elementary School,184,4,1
2016-2017,Klamath,Klamath Adult Learning Center,94,2,0
2016-2017,Klamath,Klamath Basin Behavioral Health,28,0,0
2016-2017,Klamath,KLamath Falls Adventist Christian School,17,4,0
2016-2017,Klamath,Klamath Union/Almeda House,600,8,0
2016-2017,Klamath,Lost River Junior Senior High School,200,1,0
2016-2017,Klamath,Malin Elementary School,135,1,0
2016-2017,Klamath,Mazama High School,669,7,1
2016-2017,Klamath,Merrill Elementary School,135,0,0
2016-2017,Klamath,Mills Elementary School,412,1,0
2016-2017,Klamath,Our Place to Grow,7,,
2016-2017,Klamath,Pelican Elementary School,257,3,1
2016-2017,Klamath,Peterson Elementary School,596,10,0
2016-2017,Klamath,PONDEROSA MIDDLE SCHOOL,630,2,2
2016-2017,Klamath,Roosevelt Elementary School,353,10,0
2016-2017,Klamath,Sage Charter School,66,9,0
2016-2017,Klamath,Shasta Elementary School,564,18,0
2016-2017,Klamath,Stearns Elementary School,324,5,0
2016-2017,Klamath,Triad School,222,10,0
2016-2017,Lake,A D Hay School and Fremont School,347,9,0
2016-2017,Lake,Adel School,9,,
2016-2017,Lake,COIC Alternative Education,21,0,0
2016-2017,Lake,Daly Middle School,105,3,0
2016-2017,Lake,Lakeview High School,237,4,2
2016-2017,Lake,North Lake School,222,13,0
2016-2017,Lake,PAISLEY ON LINE SCHOOL,143,53,0
2016-2017,Lake,Paisley School District,78,9,0
2016-2017,Lake,Plush Elementary,2,,
2016-2017,Lake,Solid Rock Christian School,40,0,0
2016-2017,Lake,Union Elementary,47,3,0
2016-2017,Lane,Academy of Arts & Academics,322,35,1
2016-2017,Lane,ACE Charter School,92,18,0
2016-2017,Lane,Adams Elementary School,443,51,0
2016-2017,Lane,Agnes Stewart Middle School,568,5,0
2016-2017,Lane,Al Kennedy Alternative High School,73,1,0
2016-2017,Lane,Applegate Elementary,125,7,0
2016-2017,Lane,Arts and Technology Academy,338,36,0
2016-2017,Lane,Awbrey Park Elementary School,436,8,0
2016-2017,Lane,Big Little School,6,,
2016-2017,Lane,Bohemia Elementary School,488,23,0
2016-2017,Lane,Bridge Charter Academy,141,63,0
2016-2017,Lane,Bridgeway School,66,13,1
2016-2017,Lane,Briggs Middle School,486,14,1
2016-2017,Lane,Buena Vista Elementary School,423,16,0
2016-2017,Lane,Cal Young Middle School,500,12,2
2016-2017,Lane,Camas Ridge Community Elementary,397,46,0
2016-2017,Lane,Cascade Middle School,323,3,0
2016-2017,Lane,Centennial Elementary School,415,7,0
2016-2017,Lane,Charlemagne French Immersion Elementary School,324,26,0
2016-2017,Lane,Chavez Elementary,413,34,0
2016-2017,Lane,"Child Center, The",18,0,0
2016-2017,Lane,Child's Way Charter,42,5,0
2016-2017,Lane,Churchill High School,"1,079",69,2
2016-2017,Lane,Clear Lake Elementary,258,2,0
2016-2017,Lane,Coburg Community Charter School,220,6,0
2016-2017,Lane,Community Transitions Program,31,1,0
2016-2017,Lane,Corridor Elementary School,244,17,0
2016-2017,Lane,Cottage Grove High School,752,26,0
2016-2017,Lane,Countryside Christian School,11,1,0
2016-2017,Lane,Creslane Elementary School,591,25,1
2016-2017,Lane,Creswell Christian School,51,8,0
2016-2017,Lane,Creswell High School,368,14,0
2016-2017,Lane,Creswell Middle School,289,3,0
2016-2017,Lane,Crow Middle/High School,129,6,0
2016-2017,Lane,Danebo Elementary,288,7,0
2016-2017,Lane,Dorena Elementary School,73,2,0
2016-2017,Lane,Douglas Garden Elementary,351,6,0
2016-2017,Lane,Drinking Gourd Elementary School,10,3,0
2016-2017,Lane,Edgewood Community School,407,37,1
2016-2017,Lane,Edison Elementary School,369,37,0
2016-2017,Lane,Elizabeth Page Elementary,392,9,0
2016-2017,Lane,Elmira Elementary School,263,7,0
2016-2017,Lane,Elmira High School,399,13,0
2016-2017,Lane,Emerald Christian Academy,48,4,0
2016-2017,Lane,Eugene Christian School,163,15,0
2016-2017,Lane,Eugene Education Options,152,7,0
2016-2017,Lane,Eugene Montessori School,8,,
2016-2017,Lane,Eugene Sudbury School,19,5,0
2016-2017,Lane,Eugene Waldorf School,160,112,0
2016-2017,Lane,Fairfield Elementary,344,4,1
2016-2017,Lane,Family School,129,47,0
2016-2017,Lane,Far Horizons Montessori,26,10,0
2016-2017,Lane,Fern Ridge Middle School,316,9,0
2016-2017,Lane,GATES Program,4,,
2016-2017,Lane,Gateways High School,72,0,0
2016-2017,Lane,Gilham Elementary School,537,21,0
2016-2017,Lane,Grace Community Preschool,8,,
2016-2017,Lane,Guy Lee Elementary,345,2,0
2016-2017,Lane,Hamlin Middle School,617,18,0
2016-2017,Lane,Harrison Elementary School,388,26,0
2016-2017,Lane,Holt Elementary School,577,22,0
2016-2017,Lane,Homebound Program,13,1,0
2016-2017,Lane,Howard Elementary School,443,16,1
2016-2017,Lane,Intensive Tutoring Program,4,,
2016-2017,Lane,Irving Elementary,376,9,0
2016-2017,Lane,Jasper Mountain School,35,0,0
2016-2017,Lane,Jasper Mountain School- Safe Center,27,0,0
2016-2017,Lane,Junction City High School,553,12,1
2016-2017,Lane,Kalapuya High School,87,1,1
2016-2017,Lane,Kelly Middle School,387,19,0
2016-2017,Lane,Kennedy Middle School,383,21,0
2016-2017,Lane,Kids Akademy Christian Preschool,1,,
2016-2017,Lane,Lane School,48,0,0
2016-2017,Lane,Latham Elementary School,111,6,0
2016-2017,Lane,Laurel Elementary School,510,9,0
2016-2017,Lane,Laurelwood Academy,5,,
2016-2017,Lane,Life! Lutheran School,28,5,0
2016-2017,Lane,Lincoln Middle School,532,28,0
2016-2017,Lane,Little French School,3,,
2016-2017,Lane,Logos Christian Academy,36,6,0
2016-2017,Lane,London Elementary School,86,7,0
2016-2017,Lane,Looking Glass Center Point School,13,0,0
2016-2017,Lane,Looking Glass New Roads School,32,0,0
2016-2017,Lane,Looking Glass Riverfront School,70,2,0
2016-2017,Lane,Looking Glass Stepping Stone Program,17,0,0
2016-2017,Lane,Lowell Junior/Senior High School,170,11,0
2016-2017,Lane,Lundy  Elementary School,132,12,0
2016-2017,Lane,Madison Middle School,413,15,0
2016-2017,Lane,Malabon Elementary,431,6,0
2016-2017,Lane,Maple Elementary,360,11,0
2016-2017,Lane,MAPLETON ELEMENTARY SCHOOL,72,7,0
2016-2017,Lane,Mapleton High School,75,2,0
2016-2017,Lane,Marcola School District,251,7,0
2016-2017,Lane,Marist Catholic High School,524,16,0
2016-2017,Lane,Martin Luther King Education Center,17,0,0
2016-2017,Lane,McCornack Elementary School,339,15,0
2016-2017,Lane,McKenzie Montessori Institute,5,,
2016-2017,Lane,McKenzie School District #68,191,23,0
2016-2017,Lane,Meadow View School,744,19,2
2016-2017,Lane,Monroe Middle School,525,12,1
2016-2017,Lane,Mountain View Academy,130,14,0
2016-2017,Lane,Mt Vernon Elementary,523,6,0
2016-2017,Lane,Nature Discovery School,47,4,0
2016-2017,Lane,Network Charter School,114,15,0
2016-2017,Lane,North Eugene High School,819,17,0
2016-2017,Lane,Oak Hill School,211,14,0
2016-2017,Lane,Oaklea Middle School,500,16,0
2016-2017,Lane,Oakridge  High School,146,2,0
2016-2017,Lane,Oakridge Elementary School,308,24,0
2016-2017,Lane,Oakridge Junior High,79,6,0
2016-2017,Lane,Ocean Dunes High School,6,,
2016-2017,Lane,O'Hara Catholic School,460,12,0
2016-2017,Lane,Pleasant Hill Christian School,4,,
2016-2017,Lane,Pleasant Hill Elementary School,422,23,0
2016-2017,Lane,Pleasant Hill High School,561,16,1
2016-2017,Lane,Prairie Mountain School,727,8,0
2016-2017,Lane,Ridgeline Montessori,245,64,0
2016-2017,Lane,Ridgeview Elementary,428,11,0
2016-2017,Lane,River Road/El Camino del Rio Elementary School,314,19,1
2016-2017,Lane,Riverbend Elementary,507,11,0
2016-2017,Lane,Roosevelt Middle School,587,51,1
2016-2017,Lane,Saraha Children's School,25,6,0
2016-2017,Lane,Shasta Middle School,421,5,0
2016-2017,Lane,Sheldon High School,"1,421",28,0
2016-2017,Lane,Siuslaw Elementary School,635,48,0
2016-2017,Lane,Siuslaw High School,425,13,0
2016-2017,Lane,Siuslaw Middle School,310,18,0
2016-2017,Lane,South Eugene High School,"1,421",163,2
2016-2017,Lane,Spencer Butte Middle School,439,51,2
2016-2017,Lane,Spring Creek Elementary School,303,14,1
2016-2017,Lane,Springfield Christian Kindergarten and Preschool,9,,
2016-2017,Lane,Springfield High School,"1,248",12,0
2016-2017,Lane,SPS Night School,30,0,0
2016-2017,Lane,SPS On-Line Elementary,9,,
2016-2017,Lane,SPS On-Line High,25,0,0
2016-2017,Lane,SPS On-Line Middle,18,2,0
2016-2017,Lane,St Paul Parish School,247,6,0
2016-2017,Lane,St Thomas Becket Academy,54,29,0
2016-2017,Lane,Territorial Elementary,133,3,0
2016-2017,Lane,Thurston Elementary,474,12,0
2016-2017,Lane,Thurston High School,"1,264",10,1
2016-2017,Lane,Thurston Middle School,532,13,0
2016-2017,Lane,Triangle Lake Charter Elementary School,118,26,1
2016-2017,Lane,Triangle Lake Charter Middle School,60,11,0
2016-2017,Lane,Triangle Lane Charter HS,65,11,0
2016-2017,Lane,Twin Oaks Elementary School,233,9,0
2016-2017,Lane,Twin Rivers Charter School,37,0,0
2016-2017,Lane,Two Rivers Dos Rios Elementary,486,15,1
2016-2017,Lane,Unity School,0,,
2016-2017,Lane,Veneta Elementary School,341,12,1
2016-2017,Lane,Village School,211,135,0
2016-2017,Lane,Walterville Elementary,184,10,0
2016-2017,Lane,Wellsprings Friends School,56,4,0
2016-2017,Lane,West Lane Technical Learning Center,94,1,0
2016-2017,Lane,Willagillespie Elementary School,507,20,0
2016-2017,Lane,Willamette Christian School,155,7,0
2016-2017,Lane,Willamette High School,"1,334",15,1
2016-2017,Lane,Willamette Leadership Academy-High School,164,0,1
2016-2017,Lane,Willamette Leadership Academy-Middle,124,1,0
2016-2017,Lane,Yolanda Elementary,399,6,0
2016-2017,Lane,Yujin Gakuen Elementary,305,19,0
2016-2017,Lincoln,Crestview Heights,331,17,0
2016-2017,Lincoln,Eddyville Elementary School,105,5,0
2016-2017,Lincoln,Eddyville Secondary Charter School,95,4,0
2016-2017,Lincoln,Faith Baptist Preschool & Kindergarten,12,1,0
2016-2017,Lincoln,LC Career Tech High School,50,1,0
2016-2017,Lincoln,Newport High,625,10,2
2016-2017,Lincoln,Newport Middle,419,13,0
2016-2017,Lincoln,Oceanlake Elementary,405,19,0
2016-2017,Lincoln,Sam Case Elementary,449,11,0
2016-2017,Lincoln,"Seventh Day Adventist School, Lincoln City",63,5,0
2016-2017,Lincoln,Siletz Valley  Chart School,134,1,0
2016-2017,Lincoln,Siletz Valley Early College Academy,80,1,0
2016-2017,Lincoln,Taft Elementary,536,16,1
2016-2017,Lincoln,Taft High,416,10,1
2016-2017,Lincoln,Taft Middle School,248,16,1
2016-2017,Lincoln,Toledo Elementary,444,10,0
2016-2017,Lincoln,Toledo High School,183,4,0
2016-2017,Lincoln,Toledo Junior High,119,2,0
2016-2017,Lincoln,Waldport High School,172,8,0
2016-2017,Lincoln,WALDPORT MIDDLE SCHOOL,94,5,0
2016-2017,Lincoln,YAQUINA VIEW ELEMENTARY,461,9,0
2016-2017,Linn,14LEBANON HIGH SCHOOL,"1,255",31,0
2016-2017,Linn,ALBANY CHRISTIAN SCHOOL,173,12,0
2016-2017,Linn,ALBANY ONLINE,67,1,0
2016-2017,Linn,ALBANY OPTIONS SCHOOL,156,1,1
2016-2017,Linn,BROWNSVILLE MENNONITE SCHOOL,38,14,0
2016-2017,Linn,CALAPOOIA MIDDLE SCHOOL,535,5,1
2016-2017,Linn,CASCADES SCHOOL,340,10,0
2016-2017,Linn,CENTENNIAL ELEMENTARY,288,12,0
2016-2017,Linn,CENTRAL ELEMENTARY,146,2,1
2016-2017,Linn,CENTRAL LINN ELEMENTARY SCHOOL,324,22,1
2016-2017,Linn,CENTRAL LINN MIDDLE/HIGH SCHOOL,300,19,0
2016-2017,Linn,CENTRAL VALLEY CHRISTIAN SCHOOL,38,7,0
2016-2017,Linn,CLOVER RIDGE ELEMENTARY,332,3,1
2016-2017,Linn,EAST LINN CHRISTIAN ACADEMY,319,20,0
2016-2017,Linn,EVERGREEN MENNONITE SCHOOL,29,0,0
2016-2017,Linn,FOSTER ELEMENTARY,320,10,2
2016-2017,Linn,GREEN ACRES SCHOOL,298,12,1
2016-2017,Linn,HAMILTON CREEK SCHOOL,268,10,0
2016-2017,Linn,HARRISBURG  HIGH school,302,13,1
2016-2017,Linn,HARRISBURG ELEMENTARY,403,14,1
2016-2017,Linn,HARRISBURG MIDDLE,197,6,0
2016-2017,Linn,HAWTHORNE ELEMENTARY,307,11,2
2016-2017,Linn,HOLLEY ELEMENTARY,154,14,1
2016-2017,Linn,LACOMB SCHOOL,232,20,0
2016-2017,Linn,LAFAYETTE ELEMENTARY,310,6,0
2016-2017,Linn,LAKE CREEK MENNONITE SCHOOL,8,,
2016-2017,Linn,LEBANON I-SCHOOL,33,0,0
2016-2017,Linn,LIBERTY ELEMENTARY,345,5,0
2016-2017,Linn,LIFEGATE CHRISTIAN SCHOOL,19,2,1
2016-2017,Linn,Lighthouse Mennonite School,71,27,0
2016-2017,Linn,LOURDES,41,2,0
2016-2017,Linn,MARI-LINN,215,13,0
2016-2017,Linn,MEMORIAL MIDDLE SCHOOL,566,8,0
2016-2017,Linn,OAK ELEMENTARY,335,6,2
2016-2017,Linn,OAK HEIGHTS ELEMENTARY,280,9,1
2016-2017,Linn,Oregon Connections Academy,"3,512",353,6
2016-2017,Linn,OREGON YOUTH AUTHORITY RIVERSIDE H.S.,8,,
2016-2017,Linn,Oregon Youth Authority Three Lakes High,32,0,0
2016-2017,Linn,PERIWINKLE ELEMENTARY,437,3,0
2016-2017,Linn,PIONEER SCHOOL,339,13,0
2016-2017,Linn,RIVERVIEW SCHOOL,387,17,0
2016-2017,Linn,SAND RIDGE CHARTER SCHOOL,294,16,0
2016-2017,Linn,SANTIAM ELEMENTARY,293,17,2
2016-2017,Linn,SANTIAM JR/SR HIGH,232,9,1
2016-2017,Linn,SCIO HIGH SCHOOL,255,3,1
2016-2017,Linn,SCIO MIDDLE SCHOOL,144,6,0
2016-2017,Linn,SEVEN OAK MIDDLE SCHOOL,567,16,1
2016-2017,Linn,SOUTH ALBANY HIGH SCHOOL,"1,270",11,0
2016-2017,Linn,SOUTH SHORE ELEMENTARY,409,0,0
2016-2017,Linn,STANDARD CHRISTIAN SCHOOL,29,8,0
2016-2017,Linn,SUNDBORN CHILDREN'S HOUSE,14,1,0
2016-2017,Linn,SUNRISE ELEMENTARY SCHOOL,403,4,1
2016-2017,Linn,Sweet Home Charter School,140,7,0
2016-2017,Linn,SWEET HOME HIGH SCHOOL,663,23,0
2016-2017,Linn,SWEET HOME JUNIOR HIGH SCHOOL,338,11,0
2016-2017,Linn,TAKENA ELEMENTARY SCHOOL,157,12,0
2016-2017,Linn,TANGENT ELEMENTARY SCHOOL,162,1,1
2016-2017,Linn,Timber Ridge School,722,18,0
2016-2017,Linn,WAVERLY ELEMENTARY SCHOOL,260,1,0
2016-2017,Linn,WEST ALBANY HIGH SCHOOL,"1,311",26,2
2016-2017,Malheur,Adrian Elementary & Middle School,203,3,0
2016-2017,Malheur,Adrian High School,89,0,0
2016-2017,Malheur,Aiken Elementary School,301,4,0
2016-2017,Malheur,Alameda Elementary,393,0,0
2016-2017,Malheur,Annex  Charter School,77,6,0
2016-2017,Malheur,Cairo Elementary School,148,0,0
2016-2017,Malheur,Four Rivers Community School,168,5,0
2016-2017,Malheur,Four Rivers Preparatory School,78,0,0
2016-2017,Malheur,Four Rivers Senior Prepatory,28,0,0
2016-2017,Malheur,Harper Elementary School,98,2,0
2016-2017,Malheur,Jordan Valley Elementary School,23,0,0
2016-2017,Malheur,Jordan Valley High School,45,1,0
2016-2017,Malheur,Juntura Elementary School,2,,
2016-2017,Malheur,May Roberts Elementary,378,5,0
2016-2017,Malheur,Nyssa Alternative High School,25,0,0
2016-2017,Malheur,Nyssa Elementary School,536,4,0
2016-2017,Malheur,Nyssa High School,315,6,4
2016-2017,Malheur,Nyssa Middle School,258,5,0
2016-2017,Malheur,Ontario High School,685,2,0
2016-2017,Malheur,Ontario Middle School,342,10,0
2016-2017,Malheur,Pioneer Elementary  School,130,3,0
2016-2017,Malheur,St Peter Catholic School,56,0,0
2016-2017,Malheur,Treasure Valley Christian School,74,6,0
2016-2017,Malheur,Vale Elementary School,446,8,0
2016-2017,Malheur,Vale High School,267,8,0
2016-2017,Malheur,Vale Middle School,127,2,0
2016-2017,Malheur,Willow Creek School,88,4,0
2016-2017,Malheur,WW Jones - Arock School,14,0,0
2016-2017,Marion,A Smart Start,1,,
2016-2017,Marion,Abiqua Academy,181,6,0
2016-2017,Marion,Auburn Elementary,665,10,0
2016-2017,Marion,Aumsville Elementary 3-5,301,12,0
2016-2017,Marion,Aumsville Elementary K-2,286,16,1
2016-2017,Marion,Battle Creek Elementary,577,25,0
2016-2017,Marion,Bethany Charter School,137,28,0
2016-2017,Marion,Blanchet Catholic School,343,3,0
2016-2017,Marion,Bud to Blossom Day Care,14,0,0
2016-2017,Marion,Bush Elementary,300,10,2
2016-2017,Marion,"Buttercup Hill, Inc",27,0,0
2016-2017,Marion,Candalaria Elementary,347,12,0
2016-2017,Marion,Cascade Junior High School,559,22,1
2016-2017,Marion,Cascade Senior High School,779,14,0
2016-2017,Marion,Cascade View Christian School,79,0,0
2016-2017,Marion,Centennial CTP,15,0,0
2016-2017,Marion,Central Howell Elementary,181,12,1
2016-2017,Marion,Cesar E Chavez Elementary,568,9,0
2016-2017,Marion,Chemawa Indian Clinic/School,424,0,0
2016-2017,Marion,Chemeketa CTP,19,0,0
2016-2017,Marion,Chemeketa-GED,19,0,0
2016-2017,Marion,Claggett Creek Middle,923,18,0
2016-2017,Marion,Clear Lake Elementary,428,13,0
2016-2017,Marion,Cloverdale Elementary  School #5,159,5,0
2016-2017,Marion,Cozy Cottage Child Care,1,,
2016-2017,Marion,Crosshill Christian School North Campus,74,1,0
2016-2017,Marion,Crosshill Christian School South Campus,275,26,0
2016-2017,Marion,Crossler Middle,753,28,2
2016-2017,Marion,Cummings Elementary,431,10,1
2016-2017,Marion,Downtown CTP,31,0,0
2016-2017,Marion,Eagle Charter School,141,18,0
2016-2017,Marion,Early College High School,186,6,0
2016-2017,Marion,Englewood Elementary,383,8,1
2016-2017,Marion,Evergreen Elementary School #4,82,5,0
2016-2017,Marion,Eyre Elementary,561,2,1
2016-2017,Marion,Forest Ridge Elementary,248,12,0
2016-2017,Marion,Four Corners,517,2,0
2016-2017,Marion,French Prairie Middle School #103,603,5,0
2016-2017,Marion,Gervais Elementary,408,17,0
2016-2017,Marion,Gervais High,287,20,0
2016-2017,Marion,Gervais Middle,230,13,0
2016-2017,Marion,Gethsemane Christian Academy,16,4,0
2016-2017,Marion,Grant Elementary School,435,15,0
2016-2017,Marion,Gubser Elementary,545,21,0
2016-2017,Marion,Half-Pint Daycare LLC,9,,
2016-2017,Marion,Hallman Elementary,374,2,0
2016-2017,Marion,Hammond Elementary,503,4,0
2016-2017,Marion,Hayesville Elementary,420,4,0
2016-2017,Marion,Heritage Elementary,887,161,1
2016-2017,Marion,Heritage School,43,3,0
2016-2017,Marion,Highland Elementary,393,14,0
2016-2017,Marion,Hillcrest-Robert Farrell School,82,0,0
2016-2017,Marion,Holy Family Academy,45,9,0
2016-2017,Marion,Hoover Elementary,457,6,0
2016-2017,Marion,Houck Middle,974,12,0
2016-2017,Marion,Howard St. Charter,160,10,1
2016-2017,Marion,Immanuel Lutheran School,72,2,0
2016-2017,Marion,Jane Goodall Charter School,98,8,0
2016-2017,Marion,Jefferson Elementary,373,10,0
2016-2017,Marion,Jefferson High School,273,3,0
2016-2017,Marion,Jefferson Middle School,202,3,1
2016-2017,Marion,John F. Kennedy High School,191,7,0
2016-2017,Marion,Judson Middle,947,18,0
2016-2017,Marion,Keizer Elementary,677,14,1
2016-2017,Marion,Kennedy Elementary,439,3,0
2016-2017,Marion,Lamb Elementary,469,7,0
2016-2017,Marion,Lee Elementary,302,14,0
2016-2017,Marion,Leslie Middle School,751,24,1
2016-2017,Marion,Liberty Elementary,385,14,0
2016-2017,Marion,Lincoln Elementary #103,781,10,1
2016-2017,Marion,Little Friends Montessori,22,1,0
2016-2017,Marion,Livingstone Adventist Academy,141,9,0
2016-2017,Marion,MacLaren - Lord High,23,0,0
2016-2017,Marion,Mark Twain Elementary School,323,25,1
2016-2017,Marion,McKay High School,"2,232",15,0
2016-2017,Marion,McKinley Elementary,342,12,0
2016-2017,Marion,McNary High School,"1,906",36,1
2016-2017,Marion,Micah CTP,16,0,0
2016-2017,Marion,Miller Elementary,421,14,1
2016-2017,Marion,Montessori Discovery Center 1,10,1,0
2016-2017,Marion,Montessori Discovery Center 2,32,2,0
2016-2017,Marion,Morningside Elementary,380,8,0
2016-2017,Marion,Mt. Angel Middle School,161,7,0
2016-2017,Marion,Nellie Muir Elementary #103,477,8,0
2016-2017,Marion,North Marion High #15,581,14,0
2016-2017,Marion,North Marion Intermediate #15,465,19,0
2016-2017,Marion,North Marion Middle #15,475,5,1
2016-2017,Marion,North Marion Primary #15,392,0,0
2016-2017,Marion,North Salem High,"1,644",22,0
2016-2017,Marion,OLE Charter School,130,4,0
2016-2017,Marion,Oregon School for Deaf,124,2,0
2016-2017,Marion,OSH - Quest Adult School-Willamette ESD,14,0,0
2016-2017,Marion,Our Saviour's Christian Elementary & Ark Angels Pr,66,3,0
2016-2017,Marion,Parrish Middle School,669,13,0
2016-2017,Marion,Pratum Elementary,73,6,0
2016-2017,Marion,Precious Little Lambs,1,,
2016-2017,Marion,Pringle Elementary,545,14,0
2016-2017,Marion,Queen of Peace,102,6,0
2016-2017,Marion,Regis High School,129,0,2
2016-2017,Marion,Richmond Elementary,383,12,0
2016-2017,Marion,Robert Frost School #4,408,33,0
2016-2017,Marion,Roberts High School IPS,7,,
2016-2017,Marion,Roberts High School SLC,64,1,0
2016-2017,Marion,Roberts High School-DTLC,40,1,0
2016-2017,Marion,Roberts High School-SKON,101,4,2
2016-2017,Marion,Roberts High School-SOPH,34,0,0
2016-2017,Marion,Roots Academy,16,0,0
2016-2017,Marion,Sacred Heart - Gervais,61,8,0
2016-2017,Marion,Salem Academy Elementary,260,13,0
2016-2017,Marion,Salem Academy High,220,11,0
2016-2017,Marion,Salem Academy Middle School,136,9,0
2016-2017,Marion,Salem Child Development,9,,
2016-2017,Marion,Salem Heights Elementary,314,13,0
2016-2017,Marion,Salem Montessori School,2,,
2016-2017,Marion,Samuel Brown Academy,42,2,0
2016-2017,Marion,Schirle Elementary,415,15,2
2016-2017,Marion,Scott Elementary,623,16,4
2016-2017,Marion,Scotts Mills #4,166,20,0
2016-2017,Marion,Silver Crest School,133,17,0
2016-2017,Marion,Silver Falls Christian School,5,,
2016-2017,Marion,Silverton High,"1,281",96,0
2016-2017,Marion,Silverton Middle School,459,34,0
2016-2017,Marion,Sonshine Christian School,129,9,0
2016-2017,Marion,South Salem High School,"1,756",35,2
2016-2017,Marion,Sprague High School,"1,628",45,1
2016-2017,Marion,St. John Bosco High School,16,5,0
2016-2017,Marion,St. John's Lutheran,11,0,0
2016-2017,Marion,St. Joseph's School,163,6,0
2016-2017,Marion,St. Luke's - Woodburn,124,3,0
2016-2017,Marion,St. Mary's - Stayton,207,15,0
2016-2017,Marion,St. Mary's School,373,12,2
2016-2017,Marion,St. Paul Elementary,1,,
2016-2017,Marion,St. Paul High,128,1,0
2016-2017,Marion,St. Paul Parochial,66,0,0
2016-2017,Marion,St. Vincent De Paul,114,0,0
2016-2017,Marion,Stayton Elementary #29,423,7,2
2016-2017,Marion,Stayton High School,654,16,0
2016-2017,Marion,Stayton Intermediate,218,6,0
2016-2017,Marion,Stayton Middle School #29,350,7,1
2016-2017,Marion,Stephens Middle School,"1,068",12,0
2016-2017,Marion,Sublimity Elementary SD 7,390,14,1
2016-2017,Marion,Sumpter Elementary,544,32,1
2016-2017,Marion,Swegle Elementary,533,6,0
2016-2017,Marion,Teen Parents Program,50,0,0
2016-2017,Marion,The Community Roots School,102,40,0
2016-2017,Marion,Truth Tabernacle Christian Academy,22,0,1
2016-2017,Marion,Turner Elementary #5,292,14,0
2016-2017,Marion,Tykes R Us,4,,
2016-2017,Marion,Valley Inquiry Charter,165,19,0
2016-2017,Marion,Valor Middle School #103,643,51,2
2016-2017,Marion,Victor Point #4,219,20,0
2016-2017,Marion,Waldo Middle School,942,13,1
2016-2017,Marion,Washington Elementary,397,2,0
2016-2017,Marion,Washington Elementary-Woodburn,517,0,0
2016-2017,Marion,Weddle Elementary,428,10,1
2016-2017,Marion,Wheatland CTP,14,1,0
2016-2017,Marion,Whiteaker Middle,770,22,0
2016-2017,Marion,Willamette Valley Baptist,61,21,0
2016-2017,Marion,Willamette Valley Christian,156,8,2
2016-2017,Marion,Winema,29,0,0
2016-2017,Marion,Woodburn Arthur Academy,167,16,0
2016-2017,Marion,Woodburn H.S. (WAAST),400,26,0
2016-2017,Marion,Woodburn H.S. (WACA),383,7,1
2016-2017,Marion,Woodburn H.S. (WEBSS),360,19,0
2016-2017,Marion,Woodburn H.S.(AIS),271,3,0
2016-2017,Marion,Woodburn H.S.SUCCESS,70,4,0
2016-2017,Marion,Wright Elementary,402,10,0
2016-2017,Marion,Yoshikai Elementary,581,11,0
2016-2017,Morrow, AC HOUGHTON ELEMENTARY,277,2,0
2016-2017,Morrow,HEPPNER ELEMENTARY,167,3,0
2016-2017,Morrow,Heppner High/Middle School,163,3,0
2016-2017,Morrow,Ione Community School,198,2,0
2016-2017,Morrow,Irrigon Elementary,200,2,0
2016-2017,Morrow,IRRIGON JUNIOR-SENIOR HIGH SCHOOL,375,2,0
2016-2017,Morrow,MORROW EDUCATION CENTER,54,0,0
2016-2017,Morrow,Riverside High School,425,1,0
2016-2017,Morrow,Sam Boardman Elementary,335,1,0
2016-2017,Morrow,Windy River Elementary,226,2,0
2016-2017,Multnomah,Abernethy ES,514,39,1
2016-2017,Multnomah,Access,350,13,0
2016-2017,Multnomah,Ainsworth ES,602,29,1
2016-2017,Multnomah,Alameda ES,747,59,1
2016-2017,Multnomah,Alder ES,501,11,0
2016-2017,Multnomah,Alice Ott MS,705,31,1
2016-2017,Multnomah,ALL SAINTS SCHOOL,473,3,0
2016-2017,Multnomah,Alliance HS @ Benson Campus,67,5,0
2016-2017,Multnomah,Alliance HS at Meek,108,1,0
2016-2017,Multnomah,APOSTOLIC CHRISTIAN ACADEMY,14,1,0
2016-2017,Multnomah,Arata Creek,43,0,0
2016-2017,Multnomah,Arleta K-8,445,30,0
2016-2017,Multnomah,Arthur Academy Charter (David Douglas S. D.),153,14,0
2016-2017,Multnomah,Arthur Academy Charter (Portland Public Schools),165,16,0
2016-2017,Multnomah,Astor K-8,435,13,0
2016-2017,Multnomah,Atkinson ES,426,44,1
2016-2017,Multnomah,Beach PK-8,462,24,1
2016-2017,Multnomah,Beaumont MS,564,23,0
2016-2017,Multnomah,Benson Polytechnic HS,938,37,1
2016-2017,Multnomah,Beverly Cleary K-8,871,29,0
2016-2017,Multnomah,Boise-Eliot PK-8,485,11,0
2016-2017,Multnomah,Breakthrough,8,,
2016-2017,Multnomah,Bridger K-8,490,36,0
2016-2017,Multnomah,BRIDGES MIDDLE SCHOOL,25,1,0
2016-2017,Multnomah,Bridlemile E.S.,504,30,1
2016-2017,Multnomah,Buckman ES,455,72,0
2016-2017,Multnomah,BUILDING BRIDGES,7,,
2016-2017,Multnomah,Burlingame Creek,22,1,0
2016-2017,Multnomah,Butler Creek E.S.,562,37,0
2016-2017,Multnomah,C.T.C. Humboldt,17,0,0
2016-2017,Multnomah,C.T.C. Northeast,35,3,0
2016-2017,Multnomah,C.T.C. Southeast,50,2,0
2016-2017,Multnomah,Capitol Hill ES,438,13,0
2016-2017,Multnomah,CASITA MONTESSORI SCHOOL,1,,
2016-2017,Multnomah,CATHEDRAL SCHOOL,222,16,0
2016-2017,Multnomah,CEDARWOOD WALDORF SCHOOL,284,119,0
2016-2017,Multnomah,Centennial HS,"1,696",49,3
2016-2017,Multnomah,Centennial Middle School,892,56,1
2016-2017,Multnomah,Centennial Park School,152,2,2
2016-2017,Multnomah,Center for Advanced Learning,216,2,1
2016-2017,Multnomah,CENTRAL CATHOLIC HIGH SCHOOL,892,18,0
2016-2017,Multnomah,CENTRAL CHRISTIAN ACADEMY,13,0,0
2016-2017,Multnomah,Cesar Chavez School K-8,520,10,0
2016-2017,Multnomah,Chapman ES,564,31,0
2016-2017,Multnomah,Cherry Park ES,513,32,0
2016-2017,Multnomah,CHESTNUT GROVE MONTESSORI CHILDREN'S HOUSE,2,,
2016-2017,Multnomah,Chief Joseph,323,24,1
2016-2017,Multnomah,CHILD 'S VIEW MONTESSORI SCHOOL,9,,
2016-2017,Multnomah,CHILDPEACE MONTESSORI,256,37,1
2016-2017,Multnomah,CHILDREN'S LEARNING CENTER,10,0,0
2016-2017,Multnomah,CHILDREN'S VALLEY,10,4,0
2016-2017,Multnomah,CHILDSWORK LEARNING CENTER,20,2,0
2016-2017,Multnomah,CITY CHRISTIAN SCHOOL,417,49,0
2016-2017,Multnomah,CLASS ACADEMY,121,10,0
2016-2017,Multnomah,Clear Creek MS,628,17,0
2016-2017,Multnomah,Cleveland HS,"1,500",100,3
2016-2017,Multnomah,Clinton School,9,,
2016-2017,Multnomah,COLUMBIA CHRISTIAN SCHOOL,335,21,0
2016-2017,Multnomah,Community Transition Program  DD,45,1,1
2016-2017,Multnomah,Corbett Grade School,541,69,0
2016-2017,Multnomah,Corbett HS,427,26,1
2016-2017,Multnomah,Corbett MS,269,18,0
2016-2017,Multnomah,CREATIVE MINDS ACADEMY,4,,
2016-2017,Multnomah,CREATIVE MINDS LC-  BROADWAY,5,,
2016-2017,Multnomah,Creative Science School PK-8,489,76,1
2016-2017,Multnomah,Creston PK-8,343,30,0
2016-2017,Multnomah,Damascus MS,157,14,0
2016-2017,Multnomah,DAVID DOUGLAS CREDIT RECOVERY,0,,
2016-2017,Multnomah,David Douglas Day Academy,1,,
2016-2017,Multnomah,David Douglas HS,"2,795",66,2
2016-2017,Multnomah,DaVinci Arts MS,457,38,3
2016-2017,Multnomah,Davis ES,450,5,0
2016-2017,Multnomah,DD Evening Academy,2,,
2016-2017,Multnomah,DE LA SALLE N CATHOLIC HIGH SCHOOL,321,8,0
2016-2017,Multnomah,Deep Creek ES,266,21,1
2016-2017,Multnomah,Depaul Alternative School,2,,
2016-2017,Multnomah,Dexter McCarty MS,555,14,1
2016-2017,Multnomah,Duniway ES,524,40,0
2016-2017,Multnomah,Earl Boyles ES,481,24,0
2016-2017,Multnomah,East Gresham ES,386,9,0
2016-2017,Multnomah,East Orient ES,462,27,1
2016-2017,Multnomah,Ed Options Reconnection Center,8,,
2016-2017,Multnomah,Emerson School  The,138,26,0
2016-2017,Multnomah,Fairview ES,376,17,1
2016-2017,Multnomah,Faubion ES,458,16,0
2016-2017,Multnomah,Fir Ridge Campus,170,1,0
2016-2017,Multnomah,Floyd Light MS,790,24,0
2016-2017,Multnomah,Forest Park ES,460,19,0
2016-2017,Multnomah,Four Corners School,42,0,0
2016-2017,Multnomah,FRANCISCAN MONTESSORI EARTH SCHOOL,245,42,0
2016-2017,Multnomah,Franklin HS,"1,497",63,3
2016-2017,Multnomah,FRENCH AMERICAN INT'L SCH,482,22,0
2016-2017,Multnomah,FRUIT AND FLOWER CHILDCARE CENTER,13,1,0
2016-2017,Multnomah,GATEWAY CHRISTIAN SCHOOL,20,3,0
2016-2017,Multnomah,George MS,345,6,0
2016-2017,Multnomah,Gilbert Heights ES,617,20,1
2016-2017,Multnomah,Gilbert Park ES,610,41,1
2016-2017,Multnomah,Glencoe ES,490,59,1
2016-2017,Multnomah,Glenfair ES,537,11,0
2016-2017,Multnomah,Gordon Russell MS,732,18,0
2016-2017,Multnomah,GRACE LUTHERAN SCHOOL,82,11,0
2016-2017,Multnomah,Grant HS,"1,447",47,0
2016-2017,Multnomah,GREATER PORTLAND CHRISTIAN ACADEMY,88,30,0
2016-2017,Multnomah,Gresham Arthur Academy,164,21,0
2016-2017,Multnomah,GRESHAM HIGH SCHOOL,"1,451",38,1
2016-2017,Multnomah,Grout ES,365,40,0
2016-2017,Multnomah,Hall ES,448,13,0
2016-2017,Multnomah,HAPPY DAY CHRISTIAN CHILDCARE,7,,
2016-2017,Multnomah,HARMONY MONTESSORI SCHOOL,33,4,0
2016-2017,Multnomah,Harrison Park PK-8,658,15,1
2016-2017,Multnomah,Hartley ES,462,21,0
2016-2017,Multnomah,Hayhurst ES,343,17,1
2016-2017,Multnomah,HB Lee MS,735,18,0
2016-2017,Multnomah,Helensview School,121,1,0
2016-2017,Multnomah,Highland ES,495,16,0
2016-2017,Multnomah,HILLTOP PRESCHOOL & KINDERGARTEN,10,2,0
2016-2017,Multnomah,Hogan Cedars,584,21,0
2016-2017,Multnomah,Hollydale ES,404,11,0
2016-2017,Multnomah,HOLY CROSS CATHOLIC SCHOOL,204,3,0
2016-2017,Multnomah,HOLY FAMILY CATHOLIC SCHOOL,206,4,0
2016-2017,Multnomah,HOLY REDEEMER SCHOOL,255,4,0
2016-2017,Multnomah,Hosford International MS,616,33,2
2016-2017,Multnomah,INSPIRED MINDS PREP,22,1,0
2016-2017,Multnomah,"INTERNATIONAL SCHOOL, THE",365,26,0
2016-2017,Multnomah,Irvington K-8,442,24,0
2016-2017,Multnomah,"Ivy School, The",270,62,0
2016-2017,Multnomah,Jackson MS,589,28,0
2016-2017,Multnomah,James John ES,381,15,0
2016-2017,Multnomah,Jefferson HS,566,30,0
2016-2017,Multnomah,Johns Landing,6,,
2016-2017,Multnomah,JOYFUL NOISE - CITY KIDS CHILD DEVELOPMENT CENTER,13,0,0
2016-2017,Multnomah,KairosPDX,84,18,0
2016-2017,Multnomah,Kelly Creek ES,530,14,1
2016-2017,Multnomah,Kelly ES,562,113,1
2016-2017,Multnomah,KINDERCARE LC #0902,5,,
2016-2017,Multnomah,King PK-8,345,6,0
2016-2017,Multnomah,Knova Reynolds Public Charter,381,27,0
2016-2017,Multnomah,L' ETOILE FRENCH IMMERSION SCHOOL,78,13,0
2016-2017,Multnomah,LA PETITE ACADEMY,5,,
2016-2017,Multnomah,Lane MS,426,24,2
2016-2017,Multnomah,Laurelhurst K-8,676,21,1
2016-2017,Multnomah,Le Monde French Immersion,274,41,1
2016-2017,Multnomah,Lee K-8,426,19,1
2016-2017,Multnomah,Lent K-8,496,12,0
2016-2017,Multnomah,Lewis ES,406,62,0
2016-2017,Multnomah,Lewis/Clark Montessori Charter,334,72,0
2016-2017,Multnomah,Lincoln High School,"1,658",45,3
2016-2017,Multnomah,Lincoln Park ES,636,23,0
2016-2017,Multnomah,LITTLE GENIUS MONTESSORI (THE),1,,
2016-2017,Multnomah,LITTLE VILLAGE MONTESSORI,3,,
2016-2017,Multnomah,Llewellyn ES,514,39,0
2016-2017,Multnomah,Lynch Meadows ES,443,22,0
2016-2017,Multnomah,Lynch View ES,493,31,1
2016-2017,Multnomah,Lynch Wood ES,502,14,0
2016-2017,Multnomah,MA'AYAN  HA TORAH DAY SCHOOL,61,9,0
2016-2017,Multnomah,MADELEINE SCHOOL,257,3,1
2016-2017,Multnomah,Madison HS,"1,008",23,1
2016-2017,Multnomah,MAIMONIDES JEWISH DAY SCHOOL/THE GAN PRESCHOOL,29,4,0
2016-2017,Multnomah,MANOS UNIDAS MONTESSORI,1,,
2016-2017,Multnomah,Maplewood ES,376,25,1
2016-2017,Multnomah,Margaret Scott ES,456,4,0
2016-2017,Multnomah,Markham ES,419,38,1
2016-2017,Multnomah,Marysville K-8,347,15,0
2016-2017,Multnomah,ME Web Academy High School,342,10,1
2016-2017,Multnomah,ME Web Academy Middle School,44,3,0
2016-2017,Multnomah,Menlo Park ES,501,11,0
2016-2017,Multnomah,MESD FLS Arata Creek,10,0,0
2016-2017,Multnomah,MESD FLS Centennial H.S.,10,0,0
2016-2017,Multnomah,MESD FLS Centennial MS,5,,
2016-2017,Multnomah,MESD FLS Elementary West,6,,
2016-2017,Multnomah,MESD FLS Oliver E.S.,5,,
2016-2017,Multnomah,MESD- FLS Sweetbriar Elementary School,4,,
2016-2017,Multnomah,MESD FLS Transition Program,6,,
2016-2017,Multnomah,MESD FLS Wheatley School,49,3,0
2016-2017,Multnomah,Metropolitan Learning Center K-8,296,51,0
2016-2017,Multnomah,Metropolitan Learning Ctr HS,100,13,0
2016-2017,Multnomah,Mill Park ES,506,35,0
2016-2017,Multnomah,MONTESSORI CHILDREN'S HOUSE,5,,
2016-2017,Multnomah,MORNINGSTAR MONTESSORI HOUSE OF CHILDREN,10,0,0
2016-2017,Multnomah,Morrison Center Counterpoint,12,0,0
2016-2017,Multnomah,Morrison Hand in Hand,5,,
2016-2017,Multnomah,MOTHER EARTH SCHOOL,27,16,1
2016-2017,Multnomah,MT SCOTT JUBILEE,3,,
2016-2017,Multnomah,Mt Scott Park Learning Ctr,140,5,0
2016-2017,Multnomah,Mt Tabor MS,715,43,0
2016-2017,Multnomah,Multisensory Learning Academy Elementary School,284,21,0
2016-2017,Multnomah,MULTISENSORY LEARNING ACADEMY MIDDLE SCHOOL,200,14,0
2016-2017,Multnomah,NAYA Early College Academy,47,0,0
2016-2017,Multnomah,NEW FARM MONTESSORI,1,,
2016-2017,Multnomah,Nickerson Adt,7,,
2016-2017,Multnomah,North Gresham ES,535,17,1
2016-2017,Multnomah,NORTHWEST ACADEMY,213,13,0
2016-2017,Multnomah,Ockley Green School 6-8,605,43,1
2016-2017,Multnomah,Odyssey Program K-8,209,19,0
2016-2017,Multnomah,Oliver Elementary,437,14,0
2016-2017,Multnomah,Opal Charter School,88,21,0
2016-2017,Multnomah,OPEN DOOR CHRISTIAN ACADEMY,207,71,0
2016-2017,Multnomah,OPEN SCHOOL - EAST,110,2,0
2016-2017,Multnomah,OPEN SCHOOL - NORTH,37,2,0
2016-2017,Multnomah,PACIFIC CREST COMM SCH,88,11,0
2016-2017,Multnomah,Parklane Elementary,362,13,0
2016-2017,Multnomah,Parkrose HS,910,10,1
2016-2017,Multnomah,Parkrose MS,737,25,0
2016-2017,Multnomah,Parry Center,25,0,0
2016-2017,Multnomah,Parry Center SCIP,6,,
2016-2017,Multnomah,Peninsula K-8,258,9,0
2016-2017,Multnomah,PERFECT ANGELS CHILDCARE LLC,3,,
2016-2017,Multnomah,PHONICS PHACTORY CHRISTIAN SCHOOL,245,24,0
2016-2017,Multnomah,Pioneer 5-8 @ Youngson,38,3,0
2016-2017,Multnomah,Pioneer Annex 9-12,30,1,0
2016-2017,Multnomah,Pioneer K-6 @ Holladay Center,50,3,0
2016-2017,Multnomah,Pleasant Valley ES,404,42,0
2016-2017,Multnomah,PORTLAND ADVENTIST ACADEMY,259,12,0
2016-2017,Multnomah,PORTLAND ADVENTIST ELEMENTARY SCHOOL,199,19,0
2016-2017,Multnomah,PORTLAND CHRISTIAN ELEMENTARY SCHOOL,274,30,0
2016-2017,Multnomah,PORTLAND CHRISTIAN JR/SR HS,275,13,0
2016-2017,Multnomah,Portland International Scholars Academy,31,0,0
2016-2017,Multnomah,PORTLAND JEWISH ACADEMY,172,8,2
2016-2017,Multnomah,PORTLAND MONTESSORI COLLABORATIVE,6,,
2016-2017,Multnomah,PORTLAND MONTESSORI SCHOOL,68,11,0
2016-2017,Multnomah,"PORTLAND SCHOOL OF EXPERIENTIAL EDUCATION, THE",5,,
2016-2017,Multnomah,Portland Village School,394,173,6
2016-2017,Multnomah,Portland Youth Builders,15,1,0
2016-2017,Multnomah,Powell Valley Grade School,478,21,0
2016-2017,Multnomah,Prescott ES,324,8,0
2016-2017,Multnomah,PUDDLETOWN SCHOOL,39,6,0
2016-2017,Multnomah,RENAISSANCE SCHOOL OF ARTS AND SCIENCE,139,39,0
2016-2017,Multnomah,REY Academy,45,1,0
2016-2017,Multnomah,Reynolds Arthur Academy,192,19,0
2016-2017,Multnomah,Reynolds HS,"2,398",31,2
2016-2017,Multnomah,Reynolds Learning Academy,192,0,0
2016-2017,Multnomah,Reynolds MS,910,20,1
2016-2017,Multnomah,Richmond ES,643,66,0
2016-2017,Multnomah,Rieke ES,409,27,0
2016-2017,Multnomah,Rigler K-5,454,19,1
2016-2017,Multnomah,Riverdale Grade School,397,24,0
2016-2017,Multnomah,Riverdale High School,235,11,0
2016-2017,Multnomah,Robert Gray MS,544,27,0
2016-2017,Multnomah,Ron Russell MS,833,43,0
2016-2017,Multnomah,Roosevelt HS,799,15,1
2016-2017,Multnomah,Rosa Parks E.S.,294,10,1
2016-2017,Multnomah,Rosemary Anderson HS,134,1,0
2016-2017,Multnomah,Rosemary Anderson HS East,139,1,0
2016-2017,Multnomah,Rosemary Anderson HS- New Columbia,65,0,0
2016-2017,Multnomah,Roseway Heights K-8,632,37,0
2016-2017,Multnomah,Russell Academy,415,21,1
2016-2017,Multnomah,Sabin K-8,516,25,0
2016-2017,Multnomah,Sacramento ES,340,25,1
2016-2017,Multnomah,SAGE,8,,
2016-2017,Multnomah,Salish Ponds ES,475,13,0
2016-2017,Multnomah,Sam Barlow HS,"1,616",30,1
2016-2017,Multnomah,Scott K-8,493,14,0
2016-2017,Multnomah,Self Enhancement Inc. Academy,63,0,0
2016-2017,Multnomah,Sellwood MS,581,28,0
2016-2017,Multnomah,SERENDIPITY CENTER,100,8,0
2016-2017,Multnomah,Shaver ES,320,9,0
2016-2017,Multnomah,SHINING STAR SCHOOL,46,19,0
2016-2017,Multnomah,Sitton ES,388,8,1
2016-2017,Multnomah,Skyline K-8,301,14,0
2016-2017,Multnomah,Southwest Charter School,190,68,3
2016-2017,Multnomah,Springwater Trail HS,176,5,0
2016-2017,Multnomah,ST AGATHA SCHOOL,187,12,2
2016-2017,Multnomah,ST ANDREW  NATIVITY SCHOOL,84,0,0
2016-2017,Multnomah,ST CLARE  SCHOOL,214,6,1
2016-2017,Multnomah,ST IGNATIUS SCHOOL,193,8,0
2016-2017,Multnomah,ST JOHN FISHER SCHOOL,220,1,0
2016-2017,Multnomah,ST MARY'S ACADEMY,720,19,0
2016-2017,Multnomah,ST ROSE SCHOOL,223,1,0
2016-2017,Multnomah,ST THERESE SCHOOL,203,5,0
2016-2017,Multnomah,ST THOMAS MORE PARISH SCHOOL,203,6,0
2016-2017,Multnomah,Stephenson ES,339,16,0
2016-2017,Multnomah,SUMMA ACADEMY,54,10,0
2016-2017,Multnomah,Sunnyside Environmental K-8,599,127,3
2016-2017,Multnomah,SUNSTONE MONTESSORI SCHOOL,107,7,0
2016-2017,Multnomah,Sweetbriar ES,407,21,0
2016-2017,Multnomah,Trillium Public Charter,343,104,0
2016-2017,Multnomah,TRINITY ACADEMY,86,12,0
2016-2017,Multnomah,TRINITY LUTHERAN SCHOOL,77,1,0
2016-2017,Multnomah,Troutdale ES,419,33,0
2016-2017,Multnomah,TUCKER MAXON ORAL SCHOOL,58,7,0
2016-2017,Multnomah,Ventura Park ES,443,22,0
2016-2017,Multnomah,Vernon K-8,465,32,0
2016-2017,Multnomah,Vestal K-8,373,14,1
2016-2017,Multnomah,VILLAGE FREE SCHOOL,52,27,0
2016-2017,Multnomah,Walt Morey MS,603,31,1
2016-2017,Multnomah,West Gresham ES,276,7,0
2016-2017,Multnomah,WEST HILLS CHRISTIAN SCHOOL,409,41,0
2016-2017,Multnomah,WEST HILLS LEARNING CENTER,0,,
2016-2017,Multnomah,WEST HILLS MONTESSORI SCHOOL,65,10,0
2016-2017,Multnomah,West Orient MS,444,10,0
2016-2017,Multnomah,West Powellhurst ES,434,26,0
2016-2017,Multnomah,West Sylvan MS,911,27,2
2016-2017,Multnomah,White Shield School,2,,
2016-2017,Multnomah,Whitman ES,257,11,0
2016-2017,Multnomah,WHOLE CHILD MONTESSORI CENTER INC,12,2,0
2016-2017,Multnomah,Wilkes ES,457,8,0
2016-2017,Multnomah,Wilson High School,"1,379",62,2
2016-2017,Multnomah,Winterhaven K-8,351,38,0
2016-2017,Multnomah,Woodland Elementary,503,23,0
2016-2017,Multnomah,Woodlawn PK-8,319,14,0
2016-2017,Multnomah,Woodmere E.S.,280,11,0
2016-2017,Multnomah,Woodstock Elementary,530,37,1
2016-2017,Multnomah,Wynne Watts School,8,,
2016-2017,Multnomah,Youth Progress Association,16,0,0
2016-2017,Polk,Ash Creek Elementary,569,4,1
2016-2017,Polk,Brush College Elementary,266,15,0
2016-2017,Polk,Central High School,989,21,1
2016-2017,Polk,Chapman Hill,397,25,2
2016-2017,Polk,Dallas Community School,156,70,1
2016-2017,Polk,Dallas High School,929,30,2
2016-2017,Polk,Eola Hills Charter School,46,0,0
2016-2017,Polk,Faith Christian School,120,7,1
2016-2017,Polk,Falls City Elementary,124,13,0
2016-2017,Polk,Falls City High School,64,3,0
2016-2017,Polk,Family Christian School/Grace Baptist Church,5,,
2016-2017,Polk,Grace Christian Preschool & Kindergarten,11,2,0
2016-2017,Polk,Harritt Elementary,503,13,0
2016-2017,Polk,Independence Elementary School,433,7,0
2016-2017,Polk,Kalapuya Elementary,597,22,2
2016-2017,Polk,LaCreole Middle School,657,21,0
2016-2017,Polk,LVC-Luckiamute Valley Charter School,190,15,0
2016-2017,Polk,Lyle Elementary School,413,11,0
2016-2017,Polk,MCACS (Morrison Charter School),58,0,0
2016-2017,Polk,Mid Valley Christian Academy,32,8,0
2016-2017,Polk,Monmouth Elementary School,528,11,1
2016-2017,Polk,Myers Elementary,528,21,0
2016-2017,Polk,Oakdale Heights,364,16,0
2016-2017,Polk,Perrydale Elementary,155,5,1
2016-2017,Polk,Perrydale MS/HS l,166,2,1
2016-2017,Polk,Polk Adolescent Day Treatment Center,18,0,0
2016-2017,Polk,Riviera Christian School & Daycare,104,7,0
2016-2017,Polk,Straub Middle School,619,24,0
2016-2017,Polk,Talmadge Middle School,768,15,0
2016-2017,Polk,Wake Robin School,10,0,0
2016-2017,Polk,Walker Middle School,635,20,2
2016-2017,Polk,West Salem High School,"1,715",40,5
2016-2017,Polk,Western Mennonite School,171,22,0
2016-2017,Polk,Whitworth Elementary,456,25,1
2016-2017,Tillamook,East Elementary,504,14,0
2016-2017,Tillamook,Garibaldi Grade School,192,9,0
2016-2017,Tillamook,Liberty Elementary,303,10,1
2016-2017,Tillamook,Little Clipper Preschool,8,,
2016-2017,Tillamook,Neahkahnie High School,224,17,0
2016-2017,Tillamook,Neahkahnie Middle School,167,11,1
2016-2017,Tillamook,Nehalem Elementary,187,19,0
2016-2017,Tillamook,NESKOWIN VALLEY SCHOOL,28,13,0
2016-2017,Tillamook,Nestucca Middle/High School,239,6,0
2016-2017,Tillamook,Nestucca Valley Elementary School,223,9,1
2016-2017,Tillamook,Ocean Breeze School,47,5,0
2016-2017,Tillamook,Pacific Christian School,24,1,0
2016-2017,Tillamook,South Prairie Elementary School,369,11,1
2016-2017,Tillamook,Tillamook Adventist School,64,8,0
2016-2017,Tillamook,Tillamook High School,583,7,0
2016-2017,Tillamook,Tillamook Junior High School,319,12,0
2016-2017,Tillamook,Tillamook Youth Correctional Facility,40,0,0
2016-2017,Umatilla,Armand Larive Middle School,754,5,0
2016-2017,Umatilla,Athena Elementary,168,13,0
2016-2017,Umatilla,Blue Mountain Mennonite School,28,13,0
2016-2017,Umatilla,Central Middle School,405,4,0
2016-2017,Umatilla,Clara Brownell Middle School,285,3,0
2016-2017,Umatilla,Desert View Elementary,592,10,0
2016-2017,Umatilla,Echo Elementary and High School,286,7,4
2016-2017,Umatilla,Ferndale Elementary School,264,4,0
2016-2017,Umatilla,Freewater Elementary,274,4,0
2016-2017,Umatilla,Grove Elementary,273,0,0
2016-2017,Umatilla,Harris Junior Academy,25,2,0
2016-2017,Umatilla,Hawthorne School,32,1,0
2016-2017,Umatilla,Helix School District,179,2,1
2016-2017,Umatilla,Hermiston Christian School,65,1,0
2016-2017,Umatilla,Hermiston High School,"1,591",18,0
2016-2017,Umatilla,Hermiston Junior Academy,30,0,0
2016-2017,Umatilla,Highland Hills Elementary,466,3,1
2016-2017,Umatilla,Homestead Youth,20,0,0
2016-2017,Umatilla,Lifeways Day Treatment Program,13,0,0
2016-2017,Umatilla,LIGHTHOUSE CHRISTIAN ACADEMY,3,,
2016-2017,Umatilla,McKay Creek Elementary,276,7,0
2016-2017,Umatilla,McLoughlin High School,508,1,0
2016-2017,Umatilla,McNary Heights Elementary,684,5,0
2016-2017,Umatilla,Milton-Stateline SDA School,97,5,0
2016-2017,Umatilla,Nixyaawii Community School,63,0,0
2016-2017,Umatilla,Pendleton Early Learning Center,209,7,0
2016-2017,Umatilla,Pendleton High School,793,14,5
2016-2017,Umatilla,Pilot Rock Elementary,176,5,0
2016-2017,Umatilla,Pilot Rock JR/SR High School,161,3,0
2016-2017,Umatilla,Rocky Heights Elementary,487,8,0
2016-2017,Umatilla,Sandstone Middle School,529,4,2
2016-2017,Umatilla,Sherwood Heights Elementary,485,11,0
2016-2017,Umatilla,Stanfield Elementary,239,4,0
2016-2017,Umatilla,Stanfield Secondary,253,0,0
2016-2017,Umatilla,Sunridge Middle School,753,10,0
2016-2017,Umatilla,Sunset Elementary,606,3,0
2016-2017,Umatilla,Three R's Montessori School,4,,
2016-2017,Umatilla,Ukiah Elementary and High School,26,5,0
2016-2017,Umatilla,Umatilla High School,395,4,0
2016-2017,Umatilla,Washington Elementary,483,10,0
2016-2017,Umatilla,West Park Elementary,568,8,0
2016-2017,Umatilla,Weston Middle School,229,4,0
2016-2017,Umatilla,Weston-McEwen High School,177,0,0
2016-2017,Union,Central Elementary School,373,2,0
2016-2017,Union,Cove School District/charter school,274,11,1
2016-2017,Union,Elgin Stella Mayfield Elementary combined with Elg,367,23,2
2016-2017,Union,Grande Ronde Academy,51,4,0
2016-2017,Union,Grande Ronde Mennonite School,37,30,0
2016-2017,Union,Greenwood Elementary School,332,14,0
2016-2017,Union,Imbler Elementary,159,8,0
2016-2017,Union,Imbler JR/SR High,148,13,3
2016-2017,Union,Island City Elementary,262,13,1
2016-2017,Union,La Grande High School,663,25,6
2016-2017,Union,La Grande Middle School,513,30,1
2016-2017,Union,La Grande Seventh Day Adventist School,28,1,0
2016-2017,Union,Lighthouse Apostolic Academy,86,1,0
2016-2017,Union,North Powder School,270,18,0
2016-2017,Union,OAK HAVEN,3,,
2016-2017,Union,Riverbend High School OYA,13,0,0
2016-2017,Union,Union Elementary School,164,2,1
2016-2017,Union,Union High School,152,2,0
2016-2017,Union,Willow Elementary School,126,5,0
2016-2017,Wallowa,Enterprise Elementary,211,10,0
2016-2017,Wallowa,Enterprise Jr/Sr High School,210,14,0
2016-2017,Wallowa,Enterprise Seventh Day Adventist School,12,1,0
2016-2017,Wallowa,Joseph Schools,256,21,0
2016-2017,Wallowa,Troy School Dist. 54,2,,
2016-2017,Wallowa,Wallowa School District #12,194,0,0
2016-2017,Washington,A Child's Way Preschool and Kindergarden,21,6,0
2016-2017,Washington,Agia Sophia Academy,31,10,0
2016-2017,Washington,Alberta Rider Elementary,592,18,1
2016-2017,Washington,Aloha High School,"1,952",28,6
2016-2017,Washington,Aloha-Huber Park School,928,11,0
2016-2017,Washington,Amiguitos Westside,5,,
2016-2017,Washington,Archer Glen Elementary,546,22,0
2016-2017,Washington,Arco Iris Spanish Immersion School,292,21,1
2016-2017,Washington,Arts and Communications,680,32,3
2016-2017,Washington,Banks Elementary School,476,19,0
2016-2017,Washington,Banks High School,387,7,1
2016-2017,Washington,Banks Middle School,296,5,2
2016-2017,Washington,Barnes Elementary,630,10,1
2016-2017,Washington,Barnes Miller Child Development Center,2,,
2016-2017,Washington,Beaver Acres Elementary,730,24,0
2016-2017,Washington,Beaverton Christian Preschool and Kindergarden,27,4,0
2016-2017,Washington,Beaverton High School,"1,804",17,6
2016-2017,Washington,Bethany Elementary,549,27,3
2016-2017,Washington,Bethany Village Montessori School,1,,
2016-2017,Washington,Bonny Slope Elementary,619,31,2
2016-2017,Washington,Bridgeport Elementary School,489,12,3
2016-2017,Washington,Brookwood Elementary School,356,11,1
2016-2017,Washington,Brown Middle School,699,11,0
2016-2017,Washington,Bull Mountain Montessori,1,,
2016-2017,Washington,Butternut Creek Elementary,388,10,0
2016-2017,Washington,Byrom Elementary,547,22,1
2016-2017,Washington,Carden Cascade Academy,69,3,0
2016-2017,Washington,Catlin Gabel - Beginning School,36,2,0
2016-2017,Washington,Catlin Gabel Lower School,205,15,0
2016-2017,Washington,Catlin Gabel School - Upper,310,11,0
2016-2017,Washington,Catlin Gabel School-Middle,186,5,0
2016-2017,Washington,Cedar Hills Kindegarten + Preschool,18,5,0
2016-2017,Washington,Cedar Mill Elementary,402,19,2
2016-2017,Washington,Cedar Park Middle School,"1,023",34,1
2016-2017,Washington,Century High School,"1,550",5,5
2016-2017,Washington,Charles F Tigard Elementary,494,22,0
2016-2017,Washington,Chehalem Elementary,490,14,0
2016-2017,Washington,Chickadee Montessori LLC,2,,
2016-2017,Washington,Children's Learning Academy,14,0,0
2016-2017,Washington,City View Charter School,189,11,0
2016-2017,Washington,Community Preschools,3,,
2016-2017,Washington,Conestoga  Middle,889,22,1
2016-2017,Washington,Cooper Mountain Elementary,525,24,1
2016-2017,Washington,Cor Deo Christian Academy,252,52,0
2016-2017,Washington,Cordero Residential Treatment,13,0,0
2016-2017,Washington,Cornelius Elementary,303,0,0
2016-2017,Washington,Cornerstone Montessori,0,,
2016-2017,Washington,Creative Children's Center,16,3,0
2016-2017,Washington,Crescent Islamic Montessori School,7,,
2016-2017,Washington,Crossridge Montessori Preschool and Kindergarten,1,,
2016-2017,Washington,Day Treatment Program,35,2,0
2016-2017,Washington,Deer Creek Elementary,614,21,0
2016-2017,Washington,Dilley Elementary,268,8,0
2016-2017,Washington,Durham Education Center,42,0,0
2016-2017,Washington,Durham Elementary,508,16,0
2016-2017,Washington,Early Learning Community at Pacific University,33,5,0
2016-2017,Washington,Early Learning Matters,5,,
2016-2017,Washington,Eastwood Elementary,473,14,2
2016-2017,Washington,Echo Shaw Elementary,431,2,0
2016-2017,Washington,Edison High School,94,1,0
2016-2017,Washington,Edy Ridge Elementary,572,12,0
2016-2017,Washington,Elmonica Elementary,604,11,0
2016-2017,Washington,Errol Hassell Elementary,464,14,2
2016-2017,Washington,Evergreen Middle School,805,10,6
2016-2017,Washington,Faith Bible Christian School,324,22,4
2016-2017,Washington,Farmington View Elementary,301,16,3
2016-2017,Washington,Fern Hill Elementary,341,6,0
2016-2017,Washington,Findley Elementary,757,20,2
2016-2017,Washington,Fir Grove Elementary,458,17,0
2016-2017,Washington,Five Oaks Middle School,"1,011",29,1
2016-2017,Washington,Forest Grove Community School,204,13,4
2016-2017,Washington,Forest Grove High School,"1,875",31,5
2016-2017,Washington,Forest Hills Lutheran School,197,6,1
2016-2017,Washington,Fowler Middle School,776,12,1
2016-2017,Washington,Free Orchards Elementary,386,7,0
2016-2017,Washington,Gaarde Christian School,94,14,0
2016-2017,Washington,Gaston Elementary,265,16,2
2016-2017,Washington,Gaston Jr. Sr High School,285,14,0
2016-2017,Washington,German International School,140,16,0
2016-2017,Washington,Glencoe High School,"1,509",12,3
2016-2017,Washington,Greenway Elementary,361,12,0
2016-2017,Washington,Groner Elementary,195,6,0
2016-2017,Washington,Groner Middle School,31,1,0
2016-2017,Washington,Happy Hollow Children's Center,12,0,0
2016-2017,Washington,Harvey Clarke Elementary,493,25,3
2016-2017,Washington,Hazelbrook Middle School,949,17,5
2016-2017,Washington,Hazeldale Elementary,507,14,4
2016-2017,Washington,Health & Science School,679,14,4
2016-2017,Washington,Highland Park Middle School,902,18,3
2016-2017,Washington,Hillsboro High School,"1,271",16,3
2016-2017,Washington,Hillsboro Online Academy,136,11,2
2016-2017,Washington,Hillsboro Parent Preschool,7,,
2016-2017,Washington,Hiteon Elementary,669,37,0
2016-2017,Washington,Holy Trinity Catholic School,276,5,0
2016-2017,Washington,Hope Chinese Charter School,189,16,2
2016-2017,Washington,Horizon Christian Elementary and Middle,219,17,2
2016-2017,Washington,Horizon Christian High School,137,8,3
2016-2017,Washington,Imlay Elementary,530,25,1
2016-2017,Washington,Indian Hills Elementary,464,3,3
2016-2017,Washington,International School of Beaverton ( ISB ),848,12,2
2016-2017,Washington,Islamic School of Muslim Educational Trust (ISMET),138,4,0
2016-2017,Washington,J Clyde Hopkins Elementary School,513,32,0
2016-2017,Washington,Jackson Elementary,557,31,2
2016-2017,Washington,Jacob Wismer Elementary,673,20,3
2016-2017,Washington,Jesuit High School,"1,295",21,0
2016-2017,Washington,Joseph Gale Elementary School,518,22,1
2016-2017,Washington,Kids Incorporated Learning Center,8,,
2016-2017,Washington,Kinnaman Elementary,675,14,1
2016-2017,Washington,Knowledge Beginnings,12,0,0
2016-2017,Washington,Ladd Acres Elementary,510,14,0
2016-2017,Washington,Laurel Ridge Middle School,474,14,2
2016-2017,Washington,Learning Years Inc. - Jenkins,3,,
2016-2017,Washington,Learning Years Inc. Landmark,3,,
2016-2017,Washington,Lenox Elementary,461,15,1
2016-2017,Washington,Levi Anderson (St. Mary's),99,2,0
2016-2017,Washington,Liberty High School,"1,455",16,1
2016-2017,Washington,Life Christian School,243,13,0
2016-2017,Washington,Lincoln Street Elementary,511,4,0
2016-2017,Washington,Little Fruit Farm Montessori,1,,
2016-2017,Washington,Little Stars Montessori,1,,
2016-2017,Washington,Living Wisdom School,33,14,0
2016-2017,Washington,Mary Woodward Elementary,522,34,0
2016-2017,Washington,Mayflower Montessori,0,,
2016-2017,Washington,McKay Elementary,312,14,0
2016-2017,Washington,McKinley Elementary,606,20,2
2016-2017,Washington,McKinney Elementary,457,2,2
2016-2017,Washington,Meadow Park Middle School,846,14,3
2016-2017,Washington,Merlo Station Community High Schooll,155,1,0
2016-2017,Washington,Merlo Station Science and Technology,168,8,0
2016-2017,Washington,Metzger Elementary School,639,23,0
2016-2017,Washington,Middleton Elementary,593,24,1
2016-2017,Washington,Miller Education Center East,156,4,0
2016-2017,Washington,Miller Education Center West,66,0,0
2016-2017,Washington,Minter Bridge Elementary,468,12,0
2016-2017,Washington,Mitch Charter School,233,16,0
2016-2017,Washington,Montclair Elementary,357,20,1
2016-2017,Washington,Montessori School of Beaverton,118,22,0
2016-2017,Washington,Mooberry Elementary,445,3,0
2016-2017,Washington,Mountain View Middle School,845,18,0
2016-2017,Washington,My Little Waiting Room,7,,
2016-2017,Washington,My Little World Learning Daycare,1,,
2016-2017,Washington,Nancy Ryles Elementary,585,13,0
2016-2017,Washington,Neil Armstrong Middle School,839,16,1
2016-2017,Washington,New Life Christian School,11,0,0
2016-2017,Washington,North Plains Elementary,327,16,0
2016-2017,Washington,NORTHWEST CHINESE ACADEMY,44,6,0
2016-2017,Washington,OAK GROVE ACADEMY,48,1,0
2016-2017,Washington,Oak Hills Elementary,576,28,3
2016-2017,Washington,Oregon Episcopal School,850,44,0
2016-2017,Washington,Oregon Hope Chinese School,2,,
2016-2017,Washington,Orenco Elementary,648,22,2
2016-2017,Washington,Our Redeemer Lutheran Preschool,14,3,0
2016-2017,Washington,Patterson Elementary,440,7,1
2016-2017,Washington,Pilgrim Lutheran School,133,6,0
2016-2017,Washington,Poynter Middle School,732,23,0
2016-2017,Washington,Prince of Peace School,30,6,1
2016-2017,Washington,Quatama Elementary,486,9,0
2016-2017,Washington,Raleigh Hills Elementary,581,21,3
2016-2017,Washington,Raleigh Park Elementary,349,13,1
2016-2017,Washington,Reedville Elementary,224,1,0
2016-2017,Washington,Ridgewood Elementary,446,22,5
2016-2017,Washington,Rock Creek Elementary,578,37,2
2016-2017,Washington,Roots & Wings Montessori,1,,
2016-2017,Washington,Rosedale Elementary,425,6,1
2016-2017,Washington,Scholls Heights Elementary,535,21,0
2016-2017,Washington,Sexton Mt. Elementary,527,23,2
2016-2017,Washington,Sherwood Charter School,201,25,2
2016-2017,Washington,Sherwood High School,"1,692",31,3
2016-2017,Washington,Sherwood Middle School,715,24,1
2016-2017,Washington,Smockville Montessori,1,,
2016-2017,Washington,Sorrento daycare inc,0,,
2016-2017,Washington,South Meadows Middle School,707,10,1
2016-2017,Washington,Southridge High School,"1,682",19,4
2016-2017,Washington,Southwest Christian School,218,29,2
2016-2017,Washington,Springville School,"1,070",31,1
2016-2017,Washington,St. Anthony School,302,4,0
2016-2017,Washington,St. Cecilia School,237,21,1
2016-2017,Washington,St. Francis of Assisi School,89,8,0
2016-2017,Washington,St. Francis School,136,0,0
2016-2017,Washington,St. Matthew School,220,5,0
2016-2017,Washington,St. Pius X School,481,10,1
2016-2017,Washington,St. Stephens Academy,249,47,1
2016-2017,Washington,Stepping Stones Montessori,0,,
2016-2017,Washington,Stoller Middle School,"1,485",20,0
2016-2017,Washington,Sunset High School,"2,269",30,8
2016-2017,Washington,Sunshine Montessori,5,,
2016-2017,Washington,Swallowtail Waldorf School and Farm,133,55,0
2016-2017,Washington,Templeton James Elementary,592,38,1
2016-2017,Washington,Terra Linda Elementary,408,22,4
2016-2017,Washington,The Goddard School (Elam Young),14,0,0
2016-2017,Washington,The Wonder Years Learning Center,1,,
2016-2017,Washington,Tigard High School,"1,945",35,3
2016-2017,Washington,Tigard-Tualatin Online Academy,74,7,0
2016-2017,Washington,Tobias Elementary,429,11,1
2016-2017,Washington,Tom McCall Upper Elementary,770,8,1
2016-2017,Washington,Touchstone School - Beaverton,15,0,0
2016-2017,Washington,Transition Program Tigard HS,30,0,0
2016-2017,Washington,Tualatin Elementary,545,16,1
2016-2017,Washington,Tualatin High School,"1,892",33,7
2016-2017,Washington,Tualatin Valley Academy,179,14,0
2016-2017,Washington,Twality Middle School,"1,016",30,3
2016-2017,Washington,Valley Catholic  Middle School,253,6,0
2016-2017,Washington,Valley Catholic Elementary School,338,17,0
2016-2017,Washington,Valley Catholic High  School,381,4,0
2016-2017,Washington,Valor Christian School International,152,6,0
2016-2017,Washington,Visitation Catholic School,163,3,0
2016-2017,Washington,Vose Elementary,590,5,0
2016-2017,Washington,W.L. Henry Elementary,329,1,0
2016-2017,Washington,West Tualatin View Elementary,364,26,0
2016-2017,Washington,West Union Elementary School,380,15,0
2016-2017,Washington,Westgate Christian School,136,17,1
2016-2017,Washington,Westside Christian High School,239,5,0
2016-2017,Washington,Westview High School,"2,644",41,10
2016-2017,Washington,Whitford Middle School,710,21,4
2016-2017,Washington,William Walker Elementary,469,1,1
2016-2017,Washington,Witch Hazel Elementary,523,13,3
2016-2017,Washington,Young Learners Preschool,10,0,0
2016-2017,Wheeler,Fossil Elementary,26,1,0
2016-2017,Wheeler,Insight School of Oregon Painted Hills,286,19,1
2016-2017,Wheeler,Mitchell School District #55,56,2,1
2016-2017,Wheeler,Spray School District #1,55,0,0
2016-2017,Wheeler,Wheeler High School,23,0,0
2016-2017,Yamhill,Amity Elementary School,356,14,0
2016-2017,Yamhill,AMITY HIGH SCHOOL,274,9,2
2016-2017,Yamhill,AMITY MIDDLE SCHOOL,182,8,0
2016-2017,Yamhill,ANTONIA CRATER ELEMENTARY,442,30,2
2016-2017,Yamhill,BUEL ELEMENTARY SCHOOL,493,14,0
2016-2017,Yamhill,"C.S. LEWIS ACADEMY, HIGH SCHOOL",110,3,1
2016-2017,Yamhill,Catalyst,107,2,0
2016-2017,Yamhill,CHEHALEM VALLEY MIDDLE SCHOOL,656,27,2
2016-2017,Yamhill,COLUMBUS ELEMENTARY SCHOOL,490,18,0
2016-2017,Yamhill,Country Faith Christian Academy,33,2,1
2016-2017,Yamhill,DAYTON GRADE SCHOOL,425,9,1
2016-2017,Yamhill,DAYTON HIGH SCHOOL,327,7,0
2016-2017,Yamhill,DAYTON JR. HIGH SCHOOL,230,6,1
2016-2017,Yamhill,DELPHIAN SCHOOL,252,126,0
2016-2017,Yamhill,DUNDEE ELEMENTARY SCHOOL,298,17,1
2016-2017,Yamhill,Duniway Middle School,752,24,0
2016-2017,Yamhill,EDWARDS ELEMENTARY SCHOOL,532,23,0
2016-2017,Yamhill,EWING YOUNG ELEMENTARY SCHOOL,220,12,0
2016-2017,Yamhill,FAULCONER-CHAPMAN ELEMENTARY SCHOOL,345,10,4
2016-2017,Yamhill,Faulconer-Chapman Middle School,190,7,4
2016-2017,Yamhill,GRANDHAVEN ELEMENTARY,549,17,1
2016-2017,Yamhill,HOUSE OF HOPE,7,,
2016-2017,Yamhill,JOAN AUSTIN ELEMENTARY,348,23,1
2016-2017,Yamhill,LIFE CHRISTIAN ACADEMY,19,0,0
2016-2017,Yamhill,MABEL RUSH ELEMENTARY,525,15,1
2016-2017,Yamhill,MCMINNVILLE ADVENTIST CHRISTIAN SCHOOL,54,10,0
2016-2017,Yamhill,MCMINNVILLE CHRISTIAN ACADEMY,77,9,0
2016-2017,Yamhill,MCMINNVILLE HIGH SCHOOL,"2,134",49,4
2016-2017,Yamhill,MCMINNVILLE MONTESSORI SCHOOL,36,2,0
2016-2017,Yamhill,Memorial Elementary School,590,41,0
2016-2017,Yamhill,MOUNTAIN VIEW MIDDLE SCHOOL,541,21,0
2016-2017,Yamhill,NEWBERG HIGH SCHOOL,"1,512",50,2
2016-2017,Yamhill,NEWBY ELEMENTARY SCHOOL,524,8,0
2016-2017,Yamhill,PATTON MIDDLE SCHOOL,718,18,0
2016-2017,Yamhill,SHERIDAN HIGH SCHOOL,230,4,3
2016-2017,Yamhill,SHERIDAN JAPANESE SCHOOL,88,5,0
2016-2017,Yamhill,ST. JAMES CATHOLIC SCHOOL,68,4,0
2016-2017,Yamhill,ST. JOHN LUTHERAN K-5 & LITTLE LAMBS PRE-SCHOOL,10,1,0
2016-2017,Yamhill,VERITAS SCHOOL,216,37,0
2016-2017,Yamhill,WASCHER ELEMENTARY,436,26,0
2016-2017,Yamhill,WILLAMINA ELEMENTARY SCHOOL,474,18,0
2016-2017,Yamhill,WILLAMINA HIGH SCHOOL,272,8,0
2016-2017,Yamhill,WILLAMINA MIDDLE SCHOOL,147,3,0
2016-2017,Yamhill,YAMHILL CARLTON ELEMENTARY SCHOOL,380,19,1
2016-2017,Yamhill,YAMHILL CARLTON INTERMEDIATE SCHOOL,337,24,0
2016-2017,Yamhill,YAMHILL-CARLTON HIGH SCHOOL,315,6,0
